source,target,mutations,distance
0,2,C8782T;T28144C,2.0
2,19,C18060T,1.0
2,45,G29742A;G28878A,2.0
51,152,C14408T,1.0
163,51,C3037T;,1.0
249,230,C28854T;C22444T;,2.0
19,555,A17858G,1.0
290,312,G10265A,1.0
152,318,G25563T,1.0
290,328,T19839C,1.0
290,342,C313T,1.0
318,373,C18877T,1.0
318,374,C2416T,1.0
152,427,C15324T,1.0
290,6811,C4002T;C23731T;G10097A,3.0
555,267,C17747T;,1.0
317,561,C28854T,1.0
317,562,G29734C,1.0
290,588,G25088T,1.0
374,627,G8371T,1.0
271,777,C27964T,1.0
777,797,C10319T,1.0
271,871,C11916T,1.0
562,1473,C17104T,1.0
45,1741,G28167A;G11230T,2.0
588,2767,T26149C;A6319G,2.0
271,3274,C28887T,1.0
561,3706,T24076C,1.0
342,4932,G28975T,1.0
290,4986,bm:C3037T,1.0
312,5418,C19718T,1.0
290,6004,A1163T,1.0
6811,469,C13536T;,1.0
271,8775,A10323G,1.0
1473,10188,C22879A,1.0
797,10827,C28869T,1.0
230,11019,T1947C,1.0
11315,230,C18877T;,1.0
290,11552,del21991_21993,1.0
152,12054,C28854T,1.0
10827,31275,G25907T;C28472T;A18424G,3.0
5418,16860,A15972G;T28759C,2.0
627,13614,C9430T,1.0
561,13604,C8140T,1.0
871,14112,G3242A;G1738T;C1385T,3.0
12326,13735,T1927C;A22255T,2.0
373,13910,G29474T,1.0
152,14025,G29645T;C22227T,2.0
14112,13667,C28087T;,1.0
12326,14311,C14805T,1.0
342,14801,C10376T;C28725T;C9286T,3.0
14801,15087,C14708T;G29692T;T4346C,3.0
14311,15237,G8083A,1.0
10188,16186,T7767C;C8047T,2.0
249,15822,G22992A;C25710T;G17019T;G9526T;G5629T,5.0
427,20512,A25505G;C6941T;C28869T;C3602T;C21855T;C28651T;G25996T,7.0
4932,16349,G21518T;C18167T,2.0
15087,16259,T8076C,1.0
16349,16083,C8917T;,1.0
16083,16374,C29679T,1.0
14025,211316,C6286T;G21255C;C28932T;T445C,4.0
16699,17321,C5170T;G11132T,2.0
13604,17478,C29445T,1.0
16860,22071,C11758T;G23593T,2.0
16699,17994,G204T;C21614T,2.0
17478,18050,A9204G;A6441G;G2258A,3.0
16699,18062,C27944T,1.0
18062,18070,A1987G,1.0
17994,18083,C27944T,1.0
15830,18090,A28133T,1.0
16186,45689,T26972C;G12988T;C20451T;G15598A;del21765_21770,5.0
15822,583524,G28975C;G13993T;T26876C;G15766T;C11497T;C4543T;G29399A,7.0
13614,21540,C18395T;C23730T;A15477T;A20622T;G29044A;G20623T;A20624T;A26319G,8.0
16699,18404,C222T;C29386T;T20661C,3.0
16374,18406,C12049T,1.0
3706,18717,T29710C;C23604A;C10741T,3.0
18404,18619,C29366T,1.0
18717,18739,G29266A,1.0
16699,21302,C1513T;C22377T,2.0
17321,18777,C27982T,1.0
15237,18824,G29402T,1.0
18062,19142,G204T,1.0
12326,19282,G9928T,1.0
18137,19670,G25494T,1.0
19142,19822,C9745T,1.0
18083,20006,C11396T,1.0
19822,20007,C7926T,1.0
1741,20376,C16575T;T24097C;G22661T;G25429T;C17745T;C22000T;G23401T;G11266T;C22033A;C10747T;C4573T,11.0
20376,20453,bm:G29742A;bm:G25429T,2.0
20453,20455,G29742A,1.0
20512,15830,G25906C;,1.0
18070,20726,G10870T,1.0
20007,20774,C6807T,1.0
18824,20800,G23593T,1.0
19670,20848,G29706T,1.0
18062,20955,C25889T,1.0
18404,20999,G21468T,1.0
12326,21151,C26060T,1.0
21302,18776,G22346T;,1.0
21151,21336,G8264T,1.0
18137,21408,C16394T;G25947T;C29274T,3.0
15830,21512,C335T;C19524T,2.0
21540,18264,C28854T;,1.0
19142,21855,T16242A,1.0
21954,18137,;bm:C20451T,1.0
18167,22174,C27434T,1.0
22071,22614,bm:T28759C,1.0
0,163,A23403G;C241T,2.0
152,290,G28882A;G28883C;G28881A,3.0
152,11315,C22444T;G25563T;C28854T;C26735T,4.0
152,271,G25563T;C1059T,2.0
152,317,A20268G,1.0
18739,23294,G6618A,1.0
18090,23398,T8983G,1.0
20955,207415,C12119T,1.0
21408,23549,C22127T;G23876A,2.0
16349,23662,G28541A;G1738A;A6592G,3.0
18083,23687,C24334T,1.0
20726,23688,C25614T,1.0
21512,24260,A4040G,1.0
23687,24701,C27769T,1.0
13735,24716,G15766T,1.0
21336,24969,C23533T,1.0
23687,25245,T26424C;A11533G,2.0
18824,25247,C5869T,1.0
24260,41569,C25317T,1.0
18777,25524,C8140T,1.0
23688,25557,A11781G,1.0
20006,25558,G22205C,1.0
20774,25868,C20178T,1.0
18083,25967,G25621T,1.0
11552,27674,C23604A;C23709T;C3267T;C15279T;G28048T;C28977T;C27972T;C5986T;C14676T;del21765_21770;A23063T,11.0
18083,27938,C26801T;C6040T;G27870T;bm:C26801G,4.0
3274,28614,bm:C1059T,1.0
12326,126699,G23900C;C21614T;G4444T,3.0
3274,29695,G17014T;C26681T,2.0
31275,12326,C21304T;,1.0
22614,31364,T8041C;G6080A,2.0
23662,31422,T6235C,1.0
31422,31444,T25673C,1.0
24716,96807,G18538T;T25930C,2.0
29282,32434,G17478A;C19560T,2.0
23549,31821,G19398T;C18176T;bm:C29274T,3.0
27674,31853,C5388A;G28280C;C913T;T6954C;T24506G;T16176C;A28281T;A28111G;C23271A;G24914C;del11288_11296;T28282A,12.0
29695,32813,G21600T;C2395T;T22917G;C8947T;C12100T,5.0
21855,71393,C593T;A2510G,2.0
15237,33770,T7348A;G23593T;C18131T,3.0
31364,41954,C27213T;G29474T;G5950T;T28759C,4.0
3274,35148,del28271_28271;C21575T;C9891T;C21846T;A20262G;del11288_11296;C24138A;del21765_21770;C25517T;G28044T,10.0
31853,40761,del28271_28271,1.0
13910,35800,C1387T;C21721T;G23587T;A1154G;G28975T;G25677T,6.0
25524,35948,G23587T,1.0
4986,36581,C29754T;C4423T;A12964G;G23012A;G28628T;G28975T;C28253T,7.0
36581,37142,T10667G;C12053T;C3037T;C11824T;G25088T;bm:C4423T,6.0
8775,41656,C28253T;G23012A;C23664T;C28887T;G5230T;A23063T;C25904T;C26456T;del11288_11296;del22281_22289;G174T,11.0
18406,38183,C20703T;C5365T,2.0
32813,40873,C29362T,1.0
32813,38692,C21638T,1.0
31821,166314,C829T;C14697T;G28975T,3.0
32434,31152,G11417T,1.0
40761,35715,C2453T;,1.0
40761,40764,C6968T;C23679T,2.0
37854,41311,C21614T;C26645T;bm:C17999T,3.0
39449,41437,C5175T;bm:G28975T,2.0
40761,41441,A17615G,1.0
40761,41442,T28251C;A28254C;C28253T,3.0
3274,41508,C29719T;C11514T;C27393T;C23709T;C10029T;C23604A;C6730T;T23042C,8.0
12326,41524,T29377A;C21811A;T29194C,3.0
41569,25277,G29543T;,1.0
41656,37854,C17999T;,1.0
38692,41863,G29511T,1.0
20800,41992,G26775T;C14407T,2.0
35715,42093,G210T,1.0
38183,43588,G29742T,1.0
35800,43859,C8152T;bm:C1387T;bm:C21721T,3.0
40761,44601,C3177T,1.0
40761,44602,G3638T,1.0
42093,44603,G174T,1.0
19282,30519,C26060T,1.0
41437,45427,A10108G,1.0
40761,45431,A5250G,1.0
41441,45432,T8603C,1.0
40761,45435,A28095T;T15096C,2.0
45432,45439,G25437T,1.0
40761,130698,C2110T;A28095T,2.0
40764,45443,C2091T;A28095T,2.0
41442,428007,A28095T,1.0
45689,21954,G18028T;T24910C;C27800A;,3.0
23294,48782,T1578C;A7833C,2.0
43588,46070,G20560T,1.0
41524,46371,A11451G;T18471C;A23592C,3.0
41863,52583,G27890T;G22018T;A19476G;A12878G;T2597C;A28272T,6.0
41311,46878,G22813T;A21801C;A22206G;A2692T,4.0
40761,47012,A28095T,1.0
35715,47015,G4136T,1.0
40873,748381,G13713A;G22018T;C16394T;A28272T;bm:C2395T;bm:C8947T;bm:C12100T,7.0
46371,50359,bm:T18471C,1.0
46794,49271,bm:C21638T;bm:A19476G;bm:G29511T,3.0
41441,47714,A12162G,1.0
45443,49506,bm:C2091T,1.0
43859,47785,A12121G;A28272G,2.0
37854,48640,G11375A;A28254C;A21801C;A22206G;G22813T,5.0
41441,49507,A19079G;C19854T,2.0
30519,49655,C12786T,1.0
20455,49980,G28378C;C23604G;G11521T;G4300T,4.0
49271,49990,C29362T,1.0
41441,50119,G26730C,1.0
49506,50121,C16887T;bm:C23679T,2.0
40761,51531,C12970T,1.0
44602,51541,C6255T;A27579G,2.0
49507,51557,G25660T,1.0
52583,46794,T24349C;,1.0
49990,76452,G28191T;G28975T,2.0
40761,52816,T15096C,1.0
46070,53039,bm:G29742T,1.0
41992,53998,G28198T;bm:C14407T,2.0
49980,54037,G21867T;bm:G4300T;bm:G29742A,3.0
47015,54353,A21194G,1.0
249,54428,C22879A;A8659G;C15026T;C6040T;C5184T;C3768T;C28887T,7.0
51557,55297,T23323C,1.0
53998,65753,C10507T;bm:G28198T,2.0
54037,55953,G29742A,1.0
48640,56090,C17898T;bm:G11375A;bm:A28254C,3.0
328,56114,C10029T;C222T;C3140T;C28511T;A11117G;C23604A;C22995A;C27942T;C23029T;C8090T;C12789T;C29197T;A23756G;C11124T;C21306T;C10954T;C203T,17.0
40761,56149,G26526T,1.0
45440,56175,C12809T,1.0
47714,56179,G25135T;A21137G,2.0
40761,57043,G25690T,1.0
56090,57422,bm:C17898T;bm:C17999T,2.0
45447,57536,T28245G,1.0
45435,58441,C5944T,1.0
41441,59094,C16468T,1.0
54428,129070,C20320T;C20389T;bm:C15026T;bm:C6040T;bm:A8659G,5.0
56114,79267,A19974G;G1738T;bm:C11124T;bm:C23029T;bm:C27942T;bm:C8090T;bm:C28511T,7.0
41441,60011,C823T,1.0
59920,60392,C23635T;bm:T201C;bm:A19974G;bm:G1738T,4.0
60392,62770,bm:C23635T,1.0
41441,61588,C19854T,1.0
40761,62127,C27577T;C25844T;C8950T;C28849T,4.0
46878,63939,bm:C26645T,1.0
63939,63967,C28310T,1.0
62127,65589,C21575T;bm:C28849T,2.0
328,66543,G23012A;G23868T;del28271_28271;C18877T;G29527T;C1059T;C28833T;C27213T;G22017T,9.0
65753,66652,bm:C10507T,1.0
2767,67462,G21974T;G23012A;G28878C;del11288_11296;C13860T;C21638T;C24642T;G17259T;G28167A;A6613G;A23063T;C2749T;C3828T;C21614T;G5036A;A28877T;C23525T,17.0
45435,67510,G25785T,1.0
66543,68093,C19274A;G17551A;C14340T;A19167G;T26604C,5.0
41508,68188,T26767C;G24794T;A6851C;T20748C;C25904T;C6936T;del29711_29711;C16375T;A1180G;del28271_28271;bm:C27393T,11.0
152,68248,C25469T;A11201G;G29742T;C26681T;T29753C;C3457T;T22917G;C19813T;C21846T;G17523T;G22022A;C23604G;G28936A;G28881T;T21895C;C4965T;A20396G;G210T;C11747T;G29402T;G16852T;C13255T;G23012C,23.0
59206,312311,C17012T;C12880T;C683T;C3096T;C29718T;C23604G;C29743T;bm:G25563T;bm:C20320T;bm:G22346T;bm:C20389T,11.0
68188,68917,C14120T;bm:C25904T;bm:G24794T,3.0
35148,68983,G28975A;A22320G;T9867C;C21058T;C27925T;A16500C;C1102T;A7201G;del21991_21993;C10450T;C23664T;C28869T;G6101A;bm:G28044T;bm:del21765_21770;bm:C28887T;bm:C24138A;bm:C9891T,18.0
40761,69036,T12388C,1.0
68983,72527,bm:del21991_21993;bm:C1102T,2.0
51541,69773,C9532T,1.0
67462,108725,C12778T;A5648C;A22812C;C28512G;T733C;C21621A;bm:G5036A,7.0
40761,70370,C11750T,1.0
40761,70376,G10193A;A10195T,2.0
47714,70389,A4964G,1.0
65589,150451,bm:C21575T,1.0
70406,70419,C21575T,1.0
69679,70504,G23012A;bm:C21058T;bm:C27925T;bm:A7201G;bm:C10450T;bm:C25517T;bm:C10376T;bm:del28271_28271;bm:G6101A,9.0
40761,70775,C21855T,1.0
40761,70776,G26520T,1.0
40761,70777,G11507A;G4255A,2.0
40761,70778,C292T;C25626T,2.0
70504,342206,C25517T;del28271_28271,2.0
40761,71234,G11507A,1.0
35715,71238,A8512G,1.0
41441,71241,G26065T;G26062T,2.0
71393,33005,C1887T;,1.0
72527,69679,C10376T;,1.0
40761,72910,A2270G,1.0
44602,72916,del28254_28254,1.0
42093,72936,A11474G,1.0
47714,72965,C2061T;G20275T,2.0
54353,72967,T17865C,1.0
72527,73570,del29738_29760;G22992A;C28311T;C27739T;C8809T;bm:G28975A;bm:C21058T;bm:C10450T;bm:C28869T;bm:C23664T,10.0
51531,73662,C28498T,1.0
40761,73663,G7272A;C12933T,2.0
45435,73675,A10323G,1.0
45440,73702,A13715G,1.0
45435,74472,bm:del28271_28271,1.0
35715,74476,G21974C,1.0
45431,74489,A2368G;C6706T,2.0
74489,75489,A10323G;bm:A2368G,2.0
45447,79983,A14125G;C6730T,2.0
40761,75421,C27513T,1.0
44603,75608,T9016C;C27883T,2.0
73702,75628,C18555T,1.0
56175,75653,C2544T;T26604C,2.0
76452,52670,T23155C;,1.0
75489,77832,bm:A10323G,1.0
45432,76625,C6196T,1.0
45435,76627,G12070T,1.0
152,76794,C25469T;T26767C;G29742T;C27874T;C22995A;C27752T;G9053T;C8986T;T22917G;C23604G;G28881T;C7124T,12.0
40761,77860,G4136T;G25954T;A2276G,3.0
79267,59920,T201C;,1.0
152,79371,del11288_11296;del21765_21770;G29543T;C18171T;C24748T;C6285T;G23593C;C28887T;C9565T;C14407T;A21717G;T26767C;del29728_29776;C26305T;G23012A;del21991_21993;C1498T;G2659A;C21762T,19.0
45435,79848,C24109T,1.0
49507,79899,C28744T,1.0
57422,97439,A2692T,1.0
35148,309240,T22032C;T22917G;G24410C;A9749G;C5581T;T9867C;C27925T;del21991_21993;A21801G;C25413T;C25703T;bm:A20262G;bm:C21846T;bm:del21765_21770;bm:C21575T,15.0
40761,80889,G11291A;C26801T;T11296G;bm:del11288_11296,4.0
45440,80988,C19390T;T7984C,2.0
290,81055,del11288_11296,1.0
58441,81977,G28884C,1.0
80889,82094,C10507T;G29773T;G3638T;T14646A;C13059T;C4927T;bm:C26801T,7.0
79983,82096,T28245G,1.0
68093,82806,G29745T;T26076C;bm:C1059T,3.0
57043,83006,C27213T,1.0
76625,83068,C21077T,1.0
68248,84805,C1102T;bm:T29753C;bm:C11747T;bm:C19813T;bm:C13255T;bm:G28936A,6.0
68917,95334,bm:C14120T,1.0
70776,87569,bm:del21991_21993,1.0
80889,89672,bm:C26801T,1.0
45440,87708,C4582T;C19390T,2.0
73663,89724,C29272T;C21843T,2.0
81977,88717,bm:del28271_28271,1.0
70367,89697,C6627T,1.0
70419,122521,T29524C,1.0
89779,90648,C6706T,1.0
79899,91207,C27532T,1.0
89672,92393,G16827A;T15096C,2.0
68093,93194,bm:C1059T,1.0
82806,95719,G529T,1.0
45440,96278,G7042T,1.0
67510,96287,G29764A,1.0
96807,31701,A29439T;,1.0
40761,99485,C7029T,1.0
96278,99628,G3004T,1.0
73570,118896,A24432G;A25968G;T28879G,3.0
469,118961,C7124T;C26894T;C28253T;C28311T;T23031C;G28913T;T7424G;G21786T;C9857T;C29370T;C21789T;C10029T;T9867C;C29311T;A28271T;T22917A;C24138A,17.0
82094,122518,G28690C;bm:C4927T;bm:G29773T,3.0
80793,120203,A12030G,1.0
79371,120296,A28699G;T24224C;C28308G;del28278_28280;A20724G;T8593C;C3267T;A1807G;del27205_27207;bm:del29728_29776,10.0
77860,120537,G1957A,1.0
152,121018,del11288_11296,1.0
87569,122141,bm:G26520T,1.0
122521,89779,C19524T;,1.0
120296,128513,del29728_29776;bm:C3267T,2.0
74476,126129,A28295G;C21855T,2.0
126699,29282,C27942T;,1.0
152,126884,C21618G;T22917G;C22995A;C27739T;A20262G;C9891T;G28881T;C5184T;T27638C;C20320T;C27752T;G210T;G29402T,13.0
80793,128381,G5300T,1.0
96287,128816,C29272T,1.0
129070,59206,G22346T;,1.0
84805,130284,T27638C;bm:C1102T,2.0
70370,130691,A3933C,1.0
130698,45440,C14120T;,1.0
81977,130741,bm:C5944T,1.0
56179,137749,C15720T,1.0
126884,132393,C1267T;G15451A;G21987A;C23604G;C25469T;T26767C;T11418C;C18176T;G29742T;T16170C;C16466T;C1191T;del28248_28253;G24410A;bm:C20320T,15.0
81055,102501,G23012A;G7798T;C9891T;del28896_28898;G28209T;C24382T;G20578A;C10116T;C3961T;C21846T;C23604A;T23287C;del27887_27901;C9072T;A28271G;T26767C;C29769T;A3852T;G23948C;del21991_21993;C25276A,21.0
67510,132565,A4353G,1.0
45440,132613,C12525T,1.0
74472,143504,G29764A;G25785T,2.0
96278,132685,C17762T,1.0
72936,132713,C593T;C18508T,2.0
45440,132723,C19390T;G7745A,2.0
81977,177263,A17337G,1.0
82096,132915,T13273C,1.0
97439,134066,C29358T;C5100T,2.0
70367,179586,G9105A;C23380T,2.0
91207,137938,G28559A;C29077T;T3256C,3.0
134066,140165,G27870T,1.0
140663,70367,A22812C;,1.0
96278,141222,G28075T;A10195G,2.0
128381,143293,T12628C,1.0
76794,143426,C21618G;T27638C;C4795T;G24410A;G15451A;C19220T;A11201G;C18814T;G21987A;C28849T;C9118T;G28916T;C10029T;C16466T;C6402T;del28248_28253;G210T;G29402T;bm:G9053T,19.0
141222,148293,bm:A28095T,1.0
137938,148411,bm:C19854T;bm:C27532T,2.0
150451,70406,C21234T;,1.0
50119,152585,G5023A;G20962A;G10396T,3.0
83006,153879,C27889T,1.0
99628,157474,C26110T,1.0
118961,162079,C23635T;del11288_11296,2.0
45435,116199,A5041G,1.0
83068,164911,G3994T;C29249T,2.0
166314,39449,G28083T;,1.0
40761,169501,G28739T;G28089T;C5284T,3.0
130741,102778,bm:A28095T,1.0
164618,103011,C11575T;bm:C18647T,2.0
137749,103556,C4900T,1.0
70367,105890,C16887T,1.0
132723,109144,bm:G7745A,1.0
108725,70367,G22132T;,1.0
169501,108830,bm:G28089T,1.0
45435,109211,C7299T;C11750T,2.0
81977,109292,A28880G,1.0
121018,116021,C12473T;G26211T;C21637T;C26606T;C28311T;C24642T;G27459T;G2407A;G24368A;G19962A;C24378T;G5008T;C15324T;C9319T;C8311T;C28887T;G8084A;T26767C;T22882G;C6633T;G11521T;T24194C;G23012A;del28271_28271,24.0
116199,164618,C18647T;,1.0
95719,172852,G10233T,1.0
130284,173499,G28109T;A24775T;G21987A;C835T;T26767G;del28271_28271;T20401G,7.0
162079,187287,del22299_22319;bm:C26894T;bm:C23635T,3.0
132713,174389,C23277T,1.0
174389,544024,C20233T,1.0
103011,177129,T9853C,1.0
177263,132770,T18018C;,1.0
173499,204668,bm:C835T;bm:G28109T,2.0
132613,179897,T27462C,1.0
132393,181580,del22029_22034;bm:T16170C;bm:G21987A;bm:C18176T;bm:del28248_28253;bm:C1267T;bm:A20262G;bm:C27739T,8.0
116021,182004,C14403T;G28875T;T22191C;C28441T,4.0
177129,182535,G9910A,1.0
152585,182590,G22094C,1.0
128816,182832,C26111T;T820C,2.0
181580,184136,A28461G;A20262G;T13339C;C24745T;C20320T;C1267T;G29427A;C27739T;bm:del22029_22034,9.0
143426,184180,C23731T;G4181T;T24163C;G9053T;A28461G;G21608T;bm:G21987A;bm:C9118T;bm:C28849T;bm:del28248_28253;bm:C4795T;bm:C18814T,12.0
130691,184262,T2201A,1.0
72965,197423,C12115T,1.0
57422,204585,C11812A;G21641T;T17970C;C15925T;T4213C;A23764T,6.0
182832,186311,bm:C26111T;bm:G29764A,2.0
79848,186338,C25427T;C16323T;C27503T,3.0
70367,190652,A10983G;C25413T,2.0
96287,191027,T22016A,1.0
191027,191279,A17496G,1.0
45435,191493,A28877T;G28878C;C7299T;G29254A,4.0
126129,194373,C9611T,1.0
186311,194576,G29764A,1.0
184262,197249,C26058T,1.0
109144,377816,C13297T;G22541A,2.0
197423,200522,C9430T,1.0
191493,202942,bm:G29254A,1.0
59094,244709,G18891T,1.0
109211,202947,G25489T,1.0
181580,204169,bm:T26767C;bm:C1191T;bm:C23604G,3.0
204585,185810,T28642C;,1.0
187287,204719,C26894T,1.0
202783,206731,C16887T;bm:C21575T,2.0
207415,23399,A21222T;,1.0
120537,210483,A3094T;G19542T;G22841A,3.0
211316,16699,C26801G;,1.0
87708,213773,C11750T,1.0
143293,216057,C28253T;T28245G;A28254C;T28251C,4.0
206731,216470,G896A,1.0
204719,218649,C28849T,1.0
182590,223943,C6568T,1.0
182004,228278,T5701C;T28600C;A21213G;bm:T24194C,4.0
184180,230229,C1758T;G29557T;G22104T;G21987A;del28248_28253;C22993T;G1048T;C5392T;del22029_22034;del28271_28271;C23683T;C19245T;T2746C;A27745G;bm:G21608T;bm:C23731T;bm:T24163C,17.0
92393,240909,G28884C;T11288A;bm:G16827A;bm:del28271_28271;bm:G28883C;bm:del21765_21770;bm:G28882A,7.0
70367,235091,C346T;C384T;C28603T,3.0
223943,238734,bm:del28271_28271,1.0
290,239510,C884T,1.0
40761,240920,C11173T,1.0
132393,244610,A28461G;del28271_28271;del22029_22034;bm:T16170C,4.0
244709,202783,C21575T;,1.0
204169,300334,T26767C;C11514T;C22227T;C13019T;A5584G;bm:del22029_22034;bm:G29742T,7.0
244610,331849,bm:del28248_28253;bm:G21987A;bm:G15451A;bm:del28271_28271;bm:G24410A;bm:G29742T;bm:del22029_22034,7.0
300610,300631,G29742T;G15451A;bm:A28461G,3.0
235091,324000,bm:C384T,1.0
238734,302887,A9529G,1.0
302887,303177,del28271_28271,1.0
187287,305479,bm:C29370T,1.0
218649,305646,bm:C29370T,1.0
190652,306050,C22945T;bm:G22132T,2.0
306050,306147,G22132T,1.0
309240,80793,G11804A;G28975A;,2.0
240909,310047,C5944T,1.0
310047,310065,A28095T,1.0
312311,68699,G25563T;C11195T;T22219C;,3.0
172852,313050,C12741T,1.0
184180,265845,del28248_28253;del28271_28271;del22029_22034;A11332G;bm:G21608T;bm:T24163C;bm:C23731T,7.0
313624,313966,G1048T;G26104T;A2560G;bm:G21987A,4.0
184136,357541,del28248_28253;del28271_28271;T12946C;del22029_22034;C6539T;bm:T13339C,6.0
313624,316446,C28253A;bm:del28248_28253;bm:del22029_22034;bm:G21987A;bm:G24410A;bm:del28271_28271,6.0
181580,316528,C11005A;G22051T;A28461G;C3821T;A29771G;A20396G;C28253T;T28251G;A21792C;A28254C;T9678C;C1267T;G9203A;A17496G;bm:del22029_22034;bm:C16466T;bm:G15451A;bm:C9891T;bm:T11418C,19.0
316528,393585,del28271_28271;del22029_22034;bm:A29771G;bm:C3821T;bm:A28254C;bm:T28251G;bm:G22051T,7.0
300334,323395,A28461G;G19101T;G29742T;C23604G,4.0
40761,323808,G17019T,1.0
182535,325439,C10039T,1.0
305646,328330,bm:C26894T,1.0
331849,300610,T12946C;,1.0
70367,332651,C16293T;C1912T,2.0
325439,334403,C17119T;C22986T,2.0
342206,71065,C27925T;,1.0
323395,265505,del28248_28253;del28271_28271;del22029_22034;bm:G19101T,4.0
28614,342878,C21846T;G22599A;C23604A;C28093T;A26492T;A3428G;C28005T;A21993C;A11451G;C18591T;G20238T;G24410A;A23063T;T21995A;C27323T;A28272T;C23525T;C27925A;C6037T;A13057T;C18877T;G28378T;C20148T;G23012A;C17491T;C4878T;T19035C;C10029T,28.0
323808,449150,T23659C,1.0
342878,347808,C25708T;T28618A;del515_520;C7735T;C18568T;del26158_26161;bm:G28378T;bm:C27323T;bm:C23525T;bm:C28093T;bm:C18591T;bm:G20238T,12.0
332651,291947,C23604A,1.0
157474,354489,G16900A,1.0
357541,245747,C14262T;C29358T,2.0
244610,260762,G24872T;T12946C,2.0
347808,260785,C28093T,1.0
265845,313624,G21987A;,1.0
265845,269662,bm:del22029_22034,1.0
319088,273598,C6027A,1.0
265845,525653,C4752T;C1404T;G25352T,3.0
228278,278421,G27561T;C28957T;T24194C,3.0
260785,285379,bm:C25708T;bm:del515_520;bm:C7735T;bm:C18568T;bm:T28618A,5.0
278421,286850,T22738C;bm:G27561T,2.0
265505,291068,bm:C13019T,1.0
260762,291284,bm:G24872T;bm:G21987A,2.0
239510,295044,A23063T,1.0
286850,360088,A12051G,1.0
265845,363299,C21846T,1.0
313624,1105565,C19524T;C7768T;G5437T;G28086T;G526T,5.0
363299,922114,G21987A;A26786G;C745T;C13944T;G15906T;C6730T;G25471T,7.0
265505,366196,C2509T;G21987A,2.0
357541,366452,G21987A,1.0
363299,366614,G21987A;G24872T,2.0
313624,366648,T14014G;C6040T;C7926T;bm:del28271_28271,4.0
265505,368620,C22792T;G21987A,2.0
265505,376445,G21987A,1.0
291284,376610,G21987A,1.0
366196,376629,G5539A,1.0
313624,377580,G1048T;G24197T,2.0
377816,197818,C9565T;,1.0
366648,579729,del28271_28271;bm:G21987A,2.0
291068,389348,bm:G24410A;bm:A5584G,2.0
393585,319088,G21987A;,1.0
265505,393644,C22792T,1.0
291284,393798,A18468G,1.0
313624,394162,G1048T,1.0
265845,394163,G1048T;C27527T,2.0
265845,396749,C10977T,1.0
313624,400155,C21846T;C4456T,2.0
313966,400606,G21987A,1.0
386386,530542,G29554T;bm:C7926T,2.0
376610,410055,bm:C18176T;bm:C27739T;bm:A20262G;bm:C1267T;bm:C1191T,5.0
316446,592161,A28249T,1.0
363299,410486,bm:G24410A,1.0
313624,410763,G24928T,1.0
394162,411645,T2746C;C1758T,2.0
360088,412117,T13114C,1.0
363299,415216,G24872T,1.0
412117,417185,T1908C,1.0
265505,418633,C2509T,1.0
376445,418814,T11938C;G29422T;A14475G,3.0
363299,419056,G21987A,1.0
394163,442311,C4455T;C27526T,2.0
419056,420756,C9559T;T28007C;G25552T;C15240T,4.0
422952,419919,C4455T;,1.0
265845,425078,A27507C;G26107C,2.0
419056,425177,C7851T,1.0
425177,425325,T17040C,1.0
420756,426158,G25687T;C10448T;bm:G25552T,3.0
265845,427429,bm:del28271_28271,1.0
291284,427500,G20718T;C19160T,2.0
428007,45447,A1643T;,1.0
422952,428195,bm:C27526T,1.0
313624,428496,A3536G;C15240T;T13216C;bm:G24410A,4.0
428496,428497,G24410A;bm:G21987A,2.0
386386,429060,G21987A,1.0
410055,432493,bm:T12946C,1.0
427500,433244,G21987A,1.0
410763,433520,C29253T,1.0
419056,465498,A25003G;C6408T,2.0
265505,437468,G25352T;A27345T,2.0
437468,437536,G21987A,1.0
442311,419919,G21987A;,1.0
432493,445049,bm:T11418C;bm:C9891T;bm:C5184T,3.0
265505,445304,C21622T,1.0
324000,445763,A6704G,1.0
425078,478953,C21897T,1.0
313624,511406,G25062T;C18395T;A13712G;G9220A,4.0
449150,342906,C26464T;,1.0
425325,449456,bm:G21987A,1.0
419056,449642,C20762T,1.0
313624,482028,C1101T;A1087G,2.0
425177,454444,bm:G21987A,1.0
433520,454715,bm:G21987A,1.0
366452,455821,C9319T;G28690T;G14580T,3.0
265845,459634,bm:G24410A,1.0
363299,460271,G27604A;G21372T,2.0
426158,461152,bm:G25687T;bm:G21987A,2.0
273598,464330,C16915T;bm:G21987A,2.0
410486,464405,bm:A28461G,1.0
265845,464682,C29509T;A11456G;bm:G29742T,3.0
393798,472566,C29095T;A17406G,2.0
376629,465138,G29392T;C25413T;C10789T;G3994A,4.0
465498,465527,C11095T,1.0
363299,468598,C29160T,1.0
425078,468795,G21987A,1.0
425325,469830,T4237C,1.0
411645,535138,C22993T;C23683T;A27745G;G29557T,4.0
445304,472405,G7393T;G26062T;C29738A,3.0
472566,472781,G21987A,1.0
313624,472790,G526T,1.0
455821,598564,bm:G14580T,1.0
265845,476405,G24872T,1.0
265845,476408,G1048T,1.0
265845,476410,G2336A;G17331T,2.0
433244,476421,T1877G,1.0
476410,476564,G21987A,1.0
425177,476759,G22051C,1.0
428195,476770,G20937T,1.0
265845,476985,C27629A;G11365T;G2944A;G27566T;G12718T,5.0
461152,477070,C925T;bm:C10448T,2.0
476985,477256,G21987A,1.0
477070,477358,C9474T,1.0
427429,525313,G21987A;C21846T,2.0
465498,478949,bm:G21987A,1.0
478953,446364,G21987A;,1.0
376445,481458,G22427A;C1684T;G28326T;C12049T,4.0
482028,452156,C7262T;,1.0
449456,482044,T4237C,1.0
363299,487268,C25872T;C12073T,2.0
487268,482516,C15237T;,1.0
425177,487823,C23530T;C27005T,2.0
291284,490790,A25806G;C19160T,2.0
437536,490856,T2911G,1.0
465138,490965,bm:C10789T;bm:G21987A,2.0
472405,494617,G27112A;G27516A;bm:C13019T,3.0
265845,494768,A28299T;C18744T,2.0
472790,494906,C19524T,1.0
460271,495172,G21987A,1.0
265845,498102,C24208T;A17236G,2.0
425177,498494,C28093T,1.0
465498,498807,C21714T,1.0
425325,498808,G25595T,1.0
425325,501599,C2706T,1.0
363299,510962,A10323G;C1593T;C21301A,3.0
464682,536071,G29050A,1.0
419056,503305,G16914T,1.0
477256,503893,T15882G,1.0
472781,505570,C10605A,1.0
498494,506766,C24023T;G18292T,2.0
473830,506818,G29781T;A13482G;bm:G19117T,3.0
494906,510622,G2518T,1.0
419056,510703,C8829T;G19006T,2.0
363299,510972,C28708T;G2202T;C15810T;G14186T,4.0
498102,538660,C18441T;G1820A,2.0
464405,519378,bm:C21846T,1.0
418814,516970,C2401A,1.0
498102,517220,G21987A,1.0
495172,517684,A13482G,1.0
468795,856359,G22801T,1.0
468598,517881,del686_694;C912A;C28311T,3.0
368620,519379,G14030A,1.0
425325,520121,C25614T,1.0
506818,520122,bm:G21987A,1.0
520122,520396,G27047A,1.0
510972,520397,G21987A,1.0
511406,520401,G7936T;A17236G;bm:G21987A,3.0
265505,521745,G28090T;G9431A;C27559T;A4838G;bm:G24410A,5.0
437468,546364,T2911G,1.0
490790,521892,C193T;G14187A,2.0
521801,546394,bm:C13019T,1.0
376445,523586,C11074T;G29783A;C19164T;C21302T,4.0
425177,523773,T15264C,1.0
449456,525435,bm:G24410A,1.0
494617,525442,C13019T,1.0
265845,525642,C25413T;G13812T,2.0
419056,525925,G21255C,1.0
425177,525934,C14724T,1.0
446364,526449,C2395T,1.0
401386,527508,G22203A,1.0
425078,528075,A929G;G25913T;G28326T;C18698T;C2395T,5.0
454444,530525,T25959C,1.0
419056,530541,C5239T;T5514C,2.0
530542,401386,G21987A;,1.0
366196,530575,C17336T;T3055C;G22813T;G21770T;C18570T;G3701A,6.0
446364,530863,C26801T,1.0
425325,531202,C15277T;G17427T,2.0
425177,533701,C4891T,1.0
400155,533716,C28892T,1.0
503297,533997,C25339T;T23284C,2.0
527508,534912,T973C,1.0
464330,535884,G21987A,1.0
427429,536002,C25413T;G13812T,2.0
428195,536066,C10747T;bm:del28271_28271;bm:G24410A,3.0
536071,503297,G29742T;,1.0
494906,536314,C3811T,1.0
415216,536517,C2061T;G4207T,2.0
536517,1104651,A21851G;bm:G4207T,2.0
523586,538313,G21255C;bm:G29783A;bm:C11074T,3.0
521892,538508,G21987A,1.0
536517,538853,G20326A;bm:G4207T,2.0
503297,538856,G21987A,1.0
425177,540642,C27610T,1.0
363299,623041,C24863T;A15012G,2.0
363299,541826,C14925T,1.0
425177,541896,T29288C,1.0
519379,599448,G1729A;C18086T,2.0
425177,543396,G21974C,1.0
425177,543398,A5991C,1.0
425177,543416,T5653C,1.0
313624,543652,G16914T;C884T;G19677T,3.0
425325,543661,G5612T,1.0
425177,543664,G14829T;G17193T,2.0
510962,543711,C13971T,1.0
544024,174736,C7564T;,1.0
530575,588492,C4832T,1.0
546364,521801,A24783G;,1.0
481458,546881,G5164T;G8131T,2.0
525442,546886,G21987A,1.0
468795,547208,G11562T,1.0
536569,547661,G29422A,1.0
543652,547940,C21846T;G28209C,2.0
425177,549825,A26096C,1.0
540654,550125,G21987A,1.0
313624,552200,C10977T;C15569T,2.0
494906,552210,C23758T,1.0
449642,552249,C10815T;C9491T;bm:T27638C,3.0
525653,552393,G21987A,1.0
377580,552421,G29779T,1.0
429060,552700,C9180T,1.0
552210,552702,C4423T;G28559T,2.0
429060,552728,C28236T,1.0
429060,552926,C6638T,1.0
546394,554024,G29706T,1.0
536066,660115,bm:C10747T,1.0
543664,554466,bm:G21987A,1.0
477070,554720,G17122T;bm:C925T,2.0
482516,554726,G2258A,1.0
533997,554951,G21987A,1.0
393644,555873,G14030A;C18086T,2.0
521745,555956,G25720T;G24410A;G21987A;bm:G28090T,4.0
525313,556029,C7851T,1.0
313624,556113,C10977T;G23545T,2.0
547940,556239,bm:G21987A;bm:G28209C,2.0
425325,556251,C21364T,1.0
533997,556560,C18115T;C20199T;bm:G29742T,3.0
313624,557234,C10977T,1.0
530541,557446,C28170T,1.0
425325,557449,T17763C,1.0
425325,557458,G10870T,1.0
368620,558182,G19009T,1.0
538313,558225,G24794T;bm:G21255C,2.0
422952,558392,bm:G21987A,1.0
546881,563811,bm:G8131T,1.0
425325,558772,C601T,1.0
538853,558960,C23758T;T2974C;bm:G20326A,3.0
543416,559019,C16338T,1.0
503305,559394,C25810T;C1825T;C26873T;G26428T,4.0
363299,559396,C13168T;C23557T;C25460T;G28396A;G17988T;G25996T,6.0
521801,566311,A26864T;C10376T,2.0
517220,561285,T27291C,1.0
494768,561287,C15952A;C24130T,2.0
476759,561580,del28150_28152,1.0
425325,561587,C1281T,1.0
540642,561588,G16075A,1.0
552421,561590,T21465G,1.0
554720,562005,G21987A,1.0
530863,584452,T2346C,1.0
510972,562624,G28209T;C28948T,2.0
562624,562670,G21987A,1.0
534912,563105,C27213T;T22741C,2.0
554951,565458,C20199T;G3644T;C18115T,3.0
419056,563399,A16512G;G9130T;C26681T;C29353T;G18255T;C22498T;G27014T;G9441T;G23593C;G26109A,10.0
418633,563838,C29541T;G22661C;T20911C;G2185T;G25793A,5.0
363299,563924,G27390T;A7909G,2.0
563924,564087,G21987A,1.0
425325,564357,A28967G,1.0
541896,564384,C19806T,1.0
446364,564484,A20533G,1.0
556560,565010,G3644T,1.0
506766,565011,G1820A,1.0
465527,565019,C506T;C16092T,2.0
533997,565076,C12513T;G7246T,2.0
552249,566804,T6661C;T28820A;bm:G21987A,3.0
459634,566196,A28299T;C15952A,2.0
554024,566211,A1098G,1.0
437468,566286,del510_518;C2973T;del29751_29766;G22093T,4.0
566311,561091,G21987A;,1.0
454715,566409,C5526A,1.0
476770,566419,bm:G21987A,1.0
425177,566549,G19009A,1.0
554466,566786,C28291T,1.0
566549,566787,G21770T,1.0
536314,566792,G29736C,1.0
556239,566795,G21987A,1.0
460271,566859,C1218T;T6478C,2.0
566786,567088,G21987A,1.0
469830,567089,C1593T,1.0
498102,567094,C18657T;C8956T;C27999T;C27005T,4.0
543711,567120,G24040T,1.0
469830,567412,G29737T;T21835C,2.0
490856,568549,A6796G;C18744T,2.0
558225,694365,T27951C;T20391G;bm:G24794T,3.0
517881,568682,bm:C28311T;bm:C29160T,2.0
428195,568808,G8911A,1.0
566792,568822,bm:G21987A,1.0
557446,569286,C5365T,1.0
565010,569774,G29742T,1.0
476405,569826,C29738T;G27518A;T6598C;G18079T;T15628C;C8660T;A20532G,7.0
561285,570577,bm:G21987A,1.0
425325,570835,T18876C,1.0
482044,570840,G8561T,1.0
566409,570858,G29262T;C12008T,2.0
566804,570999,G21987A,1.0
503297,572026,T16986C,1.0
538856,572310,C25710T;C8112T,2.0
543661,572330,G22104A,1.0
559394,572729,A708G;T17748A,2.0
563105,575399,bm:C27213T,1.0
566196,573247,G24410A,1.0
425177,573628,A1741G,1.0
563838,606904,C18167T;C28638T;bm:G25793A,3.0
425325,573987,G2246A,1.0
538856,573993,T16986C,1.0
533716,574032,C16869T,1.0
363299,574113,C19160T;A10691G;G20968A;G12071A,4.0
469830,574479,G8561T,1.0
428497,574484,C4927T;C12525T;A5638G,3.0
543711,574495,G25720T,1.0
558960,574496,G21987A,1.0
567120,574976,G21987A,1.0
477358,575743,C25460T;G28307A,2.0
563811,576681,bm:G21987A,1.0
552200,576932,T16242G;bm:G21987A,2.0
516970,934868,G26763T,1.0
425177,577102,C835T,1.0
517220,577106,C5812T,1.0
419056,1295004,T826C,1.0
425177,577144,C29774T,1.0
547208,577411,A3948G,1.0
425177,577414,A14882C;G25337T,2.0
564357,577781,C19524T,1.0
577108,588248,C4321T,1.0
520121,844010,T21995C,1.0
495172,578400,G3433T;G3304T;C29304T,3.0
230229,579083,A11332G,1.0
476421,579607,G10870T,1.0
555956,579630,G16864A;C20703T,2.0
579729,386386,A29700G;,1.0
568682,579751,G21987A,1.0
449456,579752,C1281T,1.0
425325,579982,G564A,1.0
425177,579985,G29179T;G25500T,2.0
579630,579995,C3984T;A4405T;G17847A;bm:C20703T,4.0
566792,580277,G25218T,1.0
575743,580579,bm:G28307A;bm:C3037T,2.0
538660,582438,T29624C;T23797C,2.0
568549,581749,T3882C;bm:C18744T,2.0
576942,581772,bm:del28271_28271,1.0
581749,581857,C593T,1.0
577411,581990,bm:G21987A,1.0
554726,582428,C23718T,1.0
567094,582654,G21987A,1.0
559396,582668,G25681A;G5023T;bm:C25460T;bm:G17988T,4.0
552926,582701,C16726T,1.0
582668,582846,G21987A;T26187C;bm:G25681A;bm:G5023T,4.0
580579,583057,C9611T;C3037T,2.0
583524,18167,A16889G;,1.0
510703,583885,bm:G21987A,1.0
265845,584217,C14805T;C22311T;T8737C;A21647G,4.0
541826,1345400,A24110C;A21137G,2.0
584452,562336,G13122A;,1.0
574484,584668,T27645C,1.0
565076,585168,C4012T;C15141T;T13701C,3.0
519378,585461,A28299T;C15952A,2.0
566286,585582,G21987A,1.0
530542,585783,G20131T,1.0
503297,664590,C5784T;A10075G,2.0
582701,586147,G28073T,1.0
572026,590907,C19859T;C15720T;C12809T;bm:G29742T,4.0
563811,586624,A21405G,1.0
476421,594722,A27853T;G20014T,2.0
554951,587169,G21770A;T2083C;A26021C,3.0
583057,587181,G21987A,1.0
573247,587793,C18744T,1.0
419056,587838,G24199A,1.0
588248,577786,G10271A;,1.0
588492,544074,G25647T;,1.0
558960,588561,T2277C,1.0
517220,711608,A18360G;G28895T,2.0
564484,588624,A20215G,1.0
526449,588795,A27262G,1.0
503893,589164,A18675G,1.0
555873,590008,bm:C13019T,1.0
454444,590268,A1741G,1.0
576932,590422,G21987A,1.0
525934,590582,C25046T,1.0
579752,590638,T4183C,1.0
561588,590846,A10317G,1.0
568822,590868,G11417T;A4333G,2.0
585896,591102,G21987A,1.0
557458,591105,C27389T;G26720A,2.0
590868,591110,G21987A,1.0
567088,591130,G26416T,1.0
588624,591159,C3784T,1.0
590907,610234,G29742T,1.0
592161,410378,G24410A;,1.0
579995,592584,bm:G21987A,1.0
543396,592774,A7399G,1.0
568808,592791,G613A,1.0
586147,593334,bm:G21987A,1.0
582428,593335,G21987A,1.0
572310,593347,C27654T,1.0
562005,593394,C28432T,1.0
446364,613626,C8752T;C20451T,2.0
576942,599679,C16338T,1.0
577144,594797,C2706T,1.0
582846,594999,bm:G24410A;bm:T26187C,2.0
495172,595004,G26828T,1.0
425325,595045,G25720A;C10993T,2.0
579985,595083,A19960G,1.0
569286,595320,C11986A,1.0
561588,595321,C8660T;A27489G,2.0
577781,595504,C16293T,1.0
575399,595738,C27707T,1.0
585168,595939,G21987A,1.0
587793,596632,G21987A,1.0
570577,596635,T6661C,1.0
530525,596639,A1964G,1.0
446364,596850,C26611T,1.0
592584,596866,G28090T,1.0
577411,597084,G2564A,1.0
517684,597085,del27607_27623,1.0
561587,597088,T4183C,1.0
525925,607828,A13748G;C16726T;A29567G;C21721T,4.0
425177,598481,C9521T,1.0
598564,473830,G19117T;,1.0
561285,598611,T6661C,1.0
594999,598794,G24410A,1.0
599448,543199,C4321T;,1.0
425177,599614,G14250T,1.0
594999,599639,bm:G21987A,1.0
425325,599731,T16056C,1.0
313624,599867,C22311T;A21647G;C22458T;C29118T,4.0
582438,600082,G21987A,1.0
562005,600252,C1473T;C24130T,2.0
590008,600679,G1729A,1.0
555873,600720,G1729A,1.0
476564,601143,C29535T,1.0
425177,601145,C15346T,1.0
517220,601157,C18486T,1.0
599867,601199,bm:G21987A,1.0
561285,601412,C11572T,1.0
533701,601444,C24138T,1.0
599639,601453,G24410A,1.0
589164,602163,bm:G21987A,1.0
574976,602745,G27376T,1.0
520401,602864,C12970T;G21987A;C14790T,3.0
427429,603639,G21987A,1.0
561091,603851,T14361C;bm:C13019T;bm:C10376T,3.0
573247,603855,G21987A,1.0
603851,603856,C13019T,1.0
576681,603969,A9707G;A21405G,2.0
433520,604024,A3076G,1.0
433520,604035,G29747T,1.0
570577,604083,C11572T,1.0
594722,604299,T16854A,1.0
510703,604301,G23587C,1.0
419056,604404,C15240T;C9165T;A10323G,3.0
469830,604667,T13210C,1.0
596866,604674,C3809T,1.0
588795,685592,bm:G21987A,1.0
570858,604745,G21987A,1.0
600252,605123,bm:G21987A,1.0
595004,620617,T25676C,1.0
587181,605454,bm:C9611T,1.0
569826,686567,C26060T;C21846T;bm:C8660T;bm:T6598C;bm:G27518A,5.0
587169,605969,G22093A,1.0
572729,606149,C14478T;G19072T,2.0
566211,606702,G21987A,1.0
454444,606868,C16054T,1.0
606904,573736,G21987A;,1.0
581772,716358,C16338T,1.0
579607,606923,G17790T,1.0
606919,607161,del28271_28271,1.0
579995,607472,C3809T,1.0
578145,607475,bm:G21987A,1.0
561590,607548,G27430A,1.0
606702,609852,G28300T;G27506T;T7292C;A20437G,4.0
607472,607820,G28090T,1.0
495172,613751,C6883T;G24781C,2.0
593394,608130,A27985T,1.0
605690,608526,G29422A;G2381T;G2265A;bm:G26262T;bm:C26060T,5.0
425177,609183,G27014T,1.0
557234,1088562,C8326T,1.0
601157,609399,A12466G,1.0
597084,609402,bm:G21987A,1.0
510703,609412,C26606T,1.0
498808,609683,G17019T,1.0
609852,607819,C13019T;,1.0
554951,610030,C22624T,1.0
554951,610031,T11731C,1.0
610234,591338,G21987A;,1.0
608526,610586,G21987A;bm:G2265A,2.0
365334,612041,bm:G21987A,1.0
570840,612242,T9454C;G27463T,2.0
595504,612319,C20404T,1.0
578145,612511,C15720T;C18687T,2.0
495172,613376,C15654T,1.0
577106,613433,G208T,1.0
419056,1247185,G6622A;G25538T;G18255T;T25518C;C1420T,5.0
567094,614501,G25785C;G11083T;C17135T;C10702T,4.0
427429,614671,A28299T;C15952A;bm:G24410A,3.0
614671,623130,C18744T;A28272T;C24130T,3.0
510703,615142,C23987T,1.0
517875,615192,C17550T,1.0
574484,615445,C1267T,1.0
613626,615447,A26759G,1.0
615672,365476,G21987A;,1.0
585461,616325,C18744T,1.0
614850,625591,bm:C24130T;bm:A28272T,2.0
586624,616725,C5144T,1.0
517220,616766,G21800T,1.0
596850,616948,bm:G21987A,1.0
561287,617014,G21987A,1.0
601145,617066,C8299T,1.0
564384,617430,C9112T,1.0
574113,617765,G21987A,1.0
604740,617887,G21987A,1.0
605454,618215,bm:G21987A,1.0
615447,618318,G18337T,1.0
586147,618769,G29593T,1.0
563399,619081,C7162T;C21682T;C3157T;bm:A16512G;bm:G9130T;bm:C29353T,6.0
490965,619644,G2305T;T1623C,2.0
570999,620129,G29260A;bm:C10815T;bm:C9491T,3.0
517220,623171,del101_102,1.0
593335,620570,bm:C23718T,1.0
620617,605171,C29311T;,1.0
599731,620952,C29679T,1.0
476770,621039,G29779T;C22281T,2.0
559019,621577,C8106T;G3955T;T27722C,3.0
528075,621729,A17637G,1.0
619081,621848,G19525T;bm:C7162T;bm:G21987A;bm:G24410A;bm:C21682T;bm:C3157T,6.0
621848,641373,G24410A;bm:G19525T,2.0
445049,642242,bm:del28271_28271;bm:A28461G,2.0
622585,622594,G9053T,1.0
622594,622615,C6402T,1.0
622615,622650,A28461G,1.0
622650,622706,C7124T;G28916T;bm:G15451A,3.0
622706,910471,C19220T;A11201G,2.0
616547,623011,bm:C18744T,1.0
623041,540654,C29358T;,1.0
623130,614850,G24410A;,1.0
425177,623181,C5746T,1.0
517875,623189,bm:G21987A,1.0
604404,623359,bm:G29742T,1.0
588566,623676,bm:G21987A,1.0
561285,623678,C28909T,1.0
615142,624051,C12756T,1.0
604745,724172,G29711T,1.0
610586,624760,C26912T;bm:G29422A;bm:G2381T,3.0
621729,669715,C21897T,1.0
625591,616547,G21987A;,1.0
609199,625695,bm:G21987A,1.0
425177,625822,C203T,1.0
363299,625833,T28156C;A21194G;G28001T,3.0
596635,626082,G27967A,1.0
626082,626484,G21987A,1.0
574032,626486,A24775G,1.0
594797,626609,C11450A,1.0
567089,626998,A13327T,1.0
610030,627448,A10829C,1.0
582654,627471,A6022G,1.0
612242,627816,T18545C;G8488A,2.0
614425,628071,G14511C;bm:G21987A,2.0
628071,628277,G21987A,1.0
599448,628654,T17574C,1.0
603969,628918,G21987A,1.0
433520,628921,C4331T,1.0
561287,629157,C829T,1.0
573736,629159,T22981C,1.0
617014,629509,C829T,1.0
570835,629510,G11562T,1.0
531202,629911,T24583C,1.0
476770,630028,A5371T;G6865T;C15579T,3.0
605123,632552,G29648T;del29752_29756,2.0
587838,631476,T27529C,1.0
631476,631610,T8656C,1.0
517684,631842,A21261G,1.0
598611,631933,T7484C,1.0
604667,632100,del27556_27619,1.0
531202,632103,C17403T,1.0
569286,632104,G15313A,1.0
610031,632344,G8781A,1.0
610030,632346,G21055A,1.0
618215,632372,G11083T,1.0
632104,632543,T17442C;A4548G,2.0
578400,636805,A16644G;bm:C29304T,2.0
621967,715190,G19563A;C25355T;C28961T;bm:G21987A,4.0
623359,633234,A12772G,1.0
577411,633432,C20234T,1.0
633234,633435,G29742T,1.0
558392,633740,C19380T;C1060T;C21575T,3.0
601453,633794,C19859T;C16726T,2.0
621577,634079,C15755T;bm:G3955T,2.0
621967,634346,G19563A;bm:G29742T,2.0
612511,634511,A15192G,1.0
425177,635347,T25123C,1.0
517220,635689,T11629C;G18449T,2.0
606868,635735,G25947C;G6352A,2.0
617066,636185,C5392T,1.0
592791,636217,G13617A;C14599T;bm:G8911A,3.0
588566,636785,G1820A,1.0
620952,636786,G19549T,1.0
582654,637437,G8349A,1.0
520397,644608,A3523C;G6419A,2.0
634511,638619,C21304A;G21305A,2.0
634346,638624,C21110T;A14457G;G29742T,3.0
615192,639637,bm:G21987A,1.0
625833,639651,G21987A,1.0
552700,640559,T13266C,1.0
621039,640606,C29375A,1.0
613751,640937,G5716T,1.0
641373,621967,G21987A;,1.0
608130,641460,G22936A,1.0
602745,641484,C27389T,1.0
618769,641745,G28460A,1.0
638624,641748,bm:G21987A;bm:G19563A,2.0
627816,641757,G21987A,1.0
632820,642076,G21987A;bm:C16289T,2.0
642242,622585,C8986T;,1.0
561285,643243,G6421T,1.0
590638,654575,T15849C,1.0
613376,700128,A3559C,1.0
595321,645048,G12801A;T13438C,2.0
632552,693391,G21987A,1.0
635735,646851,G21987A,1.0
644085,647619,G21987A,1.0
629911,647880,C21342T,1.0
608130,648200,G20679T;C20384T;bm:T26767C,3.0
648200,648269,T26767C,1.0
614501,675972,bm:G11083T,1.0
596632,649476,G17259T,1.0
625822,649584,C934T,1.0
601199,654109,G23401T;bm:C29118T,2.0
640937,650156,bm:G21987A,1.0
613433,651528,A10646G;C23758T;T4151C;C13176T;T21087C;C2704T,6.0
606149,662946,bm:C14478T,1.0
641484,651612,T2116A;G4444T;C21638T,3.0
587793,652074,C18981T,1.0
608130,653297,C5812T,1.0
596639,654272,G29081T,1.0
566419,654283,A2908G;C7420T,2.0
654283,654523,G21987A,1.0
654575,644085,C22639T;,1.0
552393,655174,G17679T;C5497T;A7537G;C12100T,4.0
632100,655179,T8110C,1.0
641748,683712,G21987A,1.0
530541,656871,G22081T,1.0
625833,657002,C16726T,1.0
604301,657315,G12793T,1.0
597085,657840,T28921C,1.0
562005,657863,C6896T,1.0
566859,657940,C27654T;G29027T,2.0
657863,658414,C20078T,1.0
605171,658417,C1929T,1.0
657940,658435,G21987A,1.0
630028,658939,C7279T;C17012T,2.0
651528,658949,C2937T;bm:G21987A;bm:C13176T;bm:A10646G,4.0
628277,659768,C21575T,1.0
660115,554196,G24410A;,1.0
626609,661704,G25489T,1.0
653297,662117,bm:G21987A,1.0
631933,736341,C5183T,1.0
654109,664347,G21987A,1.0
543396,664354,T3493C,1.0
664590,585896,C29750T;,1.0
654272,664724,G21987A,1.0
649584,664731,G3871T,1.0
601444,664791,G12685T,1.0
599614,664800,G28307T;G25775T,2.0
531202,665232,A439G,1.0
578145,665750,C27143T,1.0
578145,665793,T18630C,1.0
655806,667103,G19563A,1.0
609183,668316,A4576T;T4579A,2.0
556251,668337,C25844T,1.0
586147,669701,T2083C,1.0
669715,625125,G21987A;,1.0
619644,671161,G18651C,1.0
625695,671186,G4975A,1.0
671161,674694,G21987A,1.0
626998,672792,T1910A,1.0
595320,673211,C25701T;G25552T,2.0
612511,673649,G28878T,1.0
609683,674938,C18129T;bm:T27638C,2.0
675972,648270,G21987A;,1.0
655179,675975,T14742C,1.0
658949,731030,bm:C2937T,1.0
591159,677789,G5305A;bm:G21987A,2.0
675975,678743,C20451T,1.0
601143,680110,C21627T,1.0
617887,682137,T21408C,1.0
586147,682827,C21910T,1.0
683712,655806,C19602T;,1.0
685592,604740,C23127T;,1.0
686567,605690,G26262T;,1.0
677789,687325,G21987A,1.0
632103,687356,T15975C,1.0
645048,689164,C17012T;G29414A,2.0
674938,690658,bm:G21987A,1.0
694365,568556,G11389T;,1.0
646851,695058,bm:C16054T,1.0
664354,695519,A2348G,1.0
578145,696823,G25352C,1.0
577108,699182,bm:G21987A,1.0
680110,700087,C21762T,1.0
700128,644088,C9979T;,1.0
629510,700677,G24794T,1.0
664800,700684,C186T,1.0
647880,701863,A16471G,1.0
655174,701864,C1263T,1.0
673649,702369,G21668T;bm:G21987A,2.0
699182,707588,T20505C;T16800C;C1059T,3.0
700684,707592,bm:G21987A,1.0
624760,708832,A25934G;bm:C26912T,2.0
641757,709897,C26527T;C28957T,2.0
651612,709933,C27657T;bm:C21638T,2.0
711608,588566,C25702T;,1.0
707592,712671,G3248A,1.0
612319,712975,bm:G21987A,1.0
633794,713279,G21987A,1.0
708832,720205,G23012C,1.0
715190,632820,C16289T;,1.0
396749,716101,A17799G,1.0
716358,606919,G23401T;,1.0
561287,716858,G29081T,1.0
590422,717242,G25552T,1.0
664791,718155,C26822T,1.0
595045,718156,A1732G,1.0
607828,719545,G21800T,1.0
719545,719546,G22217A;bm:G21987A,2.0
634079,720248,C21811T;G16622A;bm:G21987A,3.0
584217,722811,C25584T,1.0
707588,724098,G21987A,1.0
724172,624563,G25654T;,1.0
661704,724902,A12124G,1.0
731030,675982,G21987A;,1.0
578145,731297,C2110T,1.0
665793,731952,C29537T,1.0
702369,733148,G21987A,1.0
736341,662123,C29769T;,1.0
686567,737193,G21987A,1.0
720248,738939,C21575T,1.0
700087,823685,C1594T,1.0
687356,825497,G20974A;A27809T,2.0
701863,825499,C27434T,1.0
709933,826174,A8974C;bm:T22917G,2.0
826174,826278,T22917G,1.0
525435,827271,A11923G;A15596G,2.0
591110,830319,T7752C,1.0
712671,1128174,C3244T,1.0
834114,622768,A11201G;,1.0
716858,835945,C1952A,1.0
591105,838088,C13105T,1.0
830319,839058,G6410A,1.0
665750,839068,T16425A,1.0
827271,842857,G24410A,1.0
844010,578145,C22227T;,1.0
578145,845332,C18264T,1.0
712975,845449,A2276G,1.0
831280,847235,G21987A,1.0
673211,847241,A22803G,1.0
856359,517875,G12801A;,1.0
675982,860238,A4821G,1.0
719546,863263,bm:C21721T;bm:G22217A,2.0
650156,863456,G2494T,1.0
633740,867834,C21058T;bm:C21575T,2.0
842857,873075,C2091T;C4158T,2.0
838088,875792,G25775T;C203T,2.0
640606,881459,G11114T,1.0
665750,881593,C29670T,1.0
845449,889396,A9685G;T209C;A10323G;T2308C;G10688T;C140T;bm:G24410A;bm:C19220T,8.0
889396,747752,C19220T,1.0
873075,892470,G21987A,1.0
657840,903621,T26187C,1.0
826278,896083,T26621C,1.0
889863,896205,T10084A,1.0
579982,897223,G2516T,1.0
578145,898498,G29764A,1.0
647619,899250,C14216T,1.0
672792,899260,G21220T,1.0
678743,905353,C4795T,1.0
731952,905359,C27527T;G21668T,2.0
696823,908486,C8299T,1.0
905353,909805,C5281T,1.0
910471,622768,G15451A;,1.0
665793,914500,C28677T,1.0
695058,919378,C12651T,1.0
922114,365476,G18905A;,1.0
875792,924273,G9802T,1.0
696823,931683,A4448G;T8566C,2.0
839068,931718,G25855T,1.0
847241,932572,G28541T,1.0
628071,934152,C12789T;C583T;C4891T;C7735T;C6573T;G29383T,6.0
934868,576942,A29507C;,1.0
747752,889863,G24410A;,1.0
748381,47230,G9738C;,1.0
616766,753497,C6408T,1.0
690658,754782,C1385T;G15530T;C29580T,3.0
652074,757917,C22597T,1.0
881459,761037,G12769A;bm:C27527T,2.0
602864,761977,T17556C;C16465T;bm:G25062T;bm:C12970T,4.0
761977,778557,G25062T;bm:G21987A,2.0
718155,784133,G11083T,1.0
658939,792224,bm:C27527T,1.0
931718,799080,G26727T,1.0
664724,805572,A2786G,1.0
932572,811111,C2509T,1.0
607475,814445,G26526T,1.0
835945,815583,C233T;T27409C,2.0
815583,816922,G21987A,1.0
931683,819301,G21600C,1.0
778557,1078847,G21987A,1.0
1088562,609199,C6310T;,1.0
860238,1093961,C11200T,1.0
1104651,536569,G10642T;,1.0
1105565,365334,C22314T;G2518T;,2.0
659768,1124695,A19002G,1.0
1128174,831280,C745T;,1.0
839058,945041,G11800A,1.0
682827,1256641,C25844T;G25906T,2.0
924273,956041,T15741C;T14418C;C6706T,3.0
799080,962796,G26172A,1.0
898498,977175,C10252T,1.0
899260,977718,C25771T,1.0
761037,991160,C27527T,1.0
934152,988314,C12400A;C15810T,2.0
757917,989216,G21987A,1.0
991160,992956,C29171T;C19374T,2.0
579083,1073119,A23013C;bm:T27638C,2.0
811111,994422,C29144T,1.0
738939,994448,C21742T;C2706T;T17290C,3.0
863263,994896,C2509T;C25667T;G14118T;C26885T;C20016T;G2967T;G24620T;C23758T,8.0
994896,1008001,C22530T;G347A;C24642T;G11146T;bm:A28461G;bm:C25667T;bm:G24410A,7.0
962796,1018285,C10165T,1.0
754782,1025819,G29706T,1.0
1008001,1030723,C21721T;C25667T;A28461G;G21987A;G24410A,5.0
1025819,1034196,C17818T,1.0
1034196,1056513,G21987A,1.0
992956,1073358,T26987C,1.0
784133,1078683,T21864C;C13740T,2.0
1078683,1078684,A25910G;bm:G21987A,2.0
1078847,819822,G28727T;,1.0
994448,1081237,T4930C,1.0
988314,1082250,G21987A,1.0
1082250,1082299,G16075T;G23282A;G18948T;A11782G;C5869T,5.0
989216,1082951,G10523C,1.0
1078684,1085770,G21987A,1.0
814445,1086282,C24382T;C25413T;A1691G;C6401T;T28245G,5.0
947199,1133741,A12264G,1.0
1081237,1134592,G21987A,1.0
620129,1143222,G9783A,1.0
617430,1143556,C14585T,1.0
1030723,1150537,C11620T;G12328A,2.0
1143222,1151265,G27632T,1.0
1082951,1158935,G5023T,1.0
1056513,1161841,T851C,1.0
1150537,1164306,C28312T,1.0
295044,1712158,C26577G;A26530G;A2832G;A23055G;C27807T;C10029T;C25584T;A23013C;T22679C;G22992A;T23599G;T13195C;C24130A;del28362_28370;T5386G;del11283_11291;C21846T;del22194_22196;T22673C;del21765_21770;C23525T;C25000T;T24469A;C26270T;C23604A;A27259C;C28311T;A24424T;C22674T;C29632T;G8393A;G23948T;C24503T;del6513_6515;G23048A;C10449A;C15240T;A23040G;G22578A;C21762T;C22686T;C23854A;C23202A;A28271T;A11537G;C22995A;del21987_21995;A18163G;T23075C;bm:C884T,50.0
1085770,1183241,G29140T,1.0
792224,1187820,G152A;T11449C;C26111A,3.0
1170869,1488174,bm:C29632T;bm:A23055G;bm:G23048A;bm:A23063T;bm:C22995A;bm:A23013C;bm:G22992A;bm:A23040G;bm:T23075C,9.0
1187820,1200673,C27527T,1.0
1161841,1201346,T12139C,1.0
1170869,1219082,C2902T;bm:C29632T,2.0
1151265,1232185,G4300T,1.0
1086282,1249375,bm:C24382T,1.0
1247185,614425,G28378T;C26054A;C21057T;,3.0
1249375,1235588,G21987A;,1.0
1256641,947199,T26171C;,1.0
1219082,1270768,T22882G;G22898A;G27762T;G22813T;bm:C2902T;bm:A26530G,6.0
1232185,1280713,C5869T,1.0
1219082,1676878,T10135C;A29301G;bm:C2902T,3.0
1295004,577108,A27338T;,1.0
1201346,1333458,C5784T,1.0
1345400,584419,A25439C;,1.0
1280713,1393772,A6442C,1.0
1376175,1377026,C29358T;G14400T;bm:T19497C,3.0
1270768,1392159,G20014T;A26530G;bm:G27762T,3.0
1393772,1376175,T19497C;,1.0
1392159,1408912,bm:C26577G;bm:G20014T,2.0
1408912,1408926,G5924A;C26577G,2.0
1408912,1408927,G25855T;C5730T;C26577G,3.0
1408912,1422765,C26577G,1.0
1219082,1428002,bm:C2902T;bm:C23854A,2.0
1428002,1428056,G5924A;C23854A,2.0
994422,1433645,T6634C,1.0
1408912,1437464,bm:C25000T,1.0
1422765,1446125,C4113T;bm:G22813T;bm:C22674T;bm:T22673C;bm:T22679C;bm:del22194_22196;bm:C22686T,7.0
1446125,1446126,del22194_22196;C21034T;bm:C26577G;bm:C4113T,4.0
1428002,1446230,C23854A,1.0
1437464,1446232,bm:A26530G,1.0
1422765,1446310,G27762T,1.0
1197310,1447124,bm:G22813T;bm:C22995A;bm:C22674T;bm:G22578A;bm:T22673C;bm:T22679C;bm:del22194_22196;bm:C22686T;bm:A1777G,9.0
1446126,1454569,C26577G,1.0
1422765,1454707,G5515T,1.0
1408926,1454713,C23664T,1.0
1454569,1462219,bm:C21034T,1.0
1446232,1462372,C26577G,1.0
1422765,1462387,bm:A26530G,1.0
1408926,1462399,bm:A26530G,1.0
1428002,1469573,G22599A,1.0
1422765,1469611,bm:del22194_22196,1.0
1422765,1469624,G22599A,1.0
1422765,1475644,C5730T,1.0
1469624,1475648,C2470T,1.0
1488174,1197310,C22995A;G22813T;A1777G;,3.0
1446230,1491417,G5515T,1.0
1475648,1491451,bm:A28271T;bm:C28311T;bm:del28362_28370,3.0
1422765,1491484,C12786T,1.0
1408912,1499405,G22599A,1.0
1462387,1499407,C5730T,1.0
1462387,1499411,G22599A,1.0
1428056,1506871,C23664T,1.0
1462372,1506877,G22599A,1.0
1422765,1664524,T10135C;A29301G,2.0
295044,1506949,A18163G;A9424G;del11288_11296;A23040G;C15714T;A23013C;G22813T;A27259C;C4321T;A20055G;C23525T;C9534T;C19955T;C10029T;G4184A;C28311T;C21618T;C26270T;T22679C;C22995A;C25584T;T23599G;C26858T;A28271T;C9866T;G22775A;C22792T;T670G;A23055G;C9344T;C25000T;C22674T;del29734_29759;G26709A;C26577G;A27383T;T23075C;G22578A;A22786C;C22686T;del28362_28370;G10447A;C10449A;T27384C;A24424T;A22688G;C23604A;T24469A;C10198T;C23854A;C2790T;T22882G;C26060T;C27807T;C17410T;G27382C;G23948T;C12880T;G22992A;A29510C;G21987A;bm:C884T,62.0
1462219,1512096,G22599A,1.0
1475648,1512203,A14107G,1.0
1475648,1512204,C22879T,1.0
1506949,1512207,bm:C26577G;bm:T22882G;bm:C22792T;bm:C25000T,4.0
1446230,1519985,G22813T,1.0
1469573,1519987,C2470T,1.0
1519987,1520002,C23854A,1.0
1475648,1525378,bm:G22813T,1.0
1512207,1525398,C26577G;C25000T;bm:C9866T,3.0
1462399,1544354,bm:A2832G;bm:G22813T;bm:C10449A,3.0
1519985,1544442,G22898A,1.0
1499407,1544451,G25855T;bm:G22813T;bm:C10449A,3.0
1519987,1544456,C21595T,1.0
1422765,1544510,C2902T,1.0
1469624,1544566,A28877T;G28878C,2.0
1525398,1544570,C9866T;bm:A22786C;bm:G22813T;bm:C23854A,4.0
1506871,1555036,G22813T,1.0
1422765,1555056,A20418G,1.0
1506949,1555104,bm:C22792T;bm:C23854A,2.0
1469624,1564271,bm:del22194_22196,1.0
1422765,1564323,C28472T;C11950T,2.0
1555056,1564324,A18585C,1.0
1469624,1564325,A16064G,1.0
1475648,1564349,C21595T,1.0
1564373,1564374,del29734_29759;bm:C241T,2.0
1488174,1654671,T22882G;G22898A,2.0
1520002,1573183,bm:C26577G;bm:A26530G,2.0
1564324,1573313,bm:C26577G,1.0
1475644,1573332,del29728_29766,1.0
1564373,1616636,bm:C9866T,1.0
1408926,1581294,C5672T,1.0
1454713,1581317,C3241T,1.0
1475648,1581318,C26522T,1.0
1499411,1581329,C29095T;C2470T;C21595T,3.0
1506940,1581333,A24803G,1.0
1544570,1581347,T22200G;del21633_21641,2.0
1581347,1581349,C23854A,1.0
1573378,1581351,C9866T;bm:C10198T,2.0
1581351,1581352,C10198T;bm:A22786C,2.0
1506940,1587770,C25886T,1.0
1573313,1593888,bm:C25000T;bm:A26530G,2.0
1593888,1593889,C25000T;bm:del22194_22196,2.0
1593889,1593914,C26577G,1.0
1422765,1593928,C29632T,1.0
1506949,1594003,T22200G;del21633_21641,2.0
1447124,1633117,C2470T;bm:C27807T,2.0
1512096,1606382,C2470T,1.0
1520002,1606583,C21595T,1.0
1581329,1606585,bm:C10449A;bm:C29095T;bm:A2832G,3.0
1564271,1606632,C2470T,1.0
1469624,1606674,G16744A,1.0
1593928,1606676,T3104C,1.0
1475648,1606727,A14940G,1.0
1454713,1606730,T23489C,1.0
1506940,1606760,C5025T,1.0
1581317,1606761,C3653T,1.0
1564373,1625324,C25416T;A28461G;G29742T;bm:C28311T;bm:del28362_28370;bm:A28271T;bm:del11288_11296;bm:del21633_21641,8.0
1544451,1616376,bm:A2832G,1.0
1555036,1616494,C3241T,1.0
1564349,1616527,bm:G22813T,1.0
1475648,1616575,C10560G,1.0
1469624,1707544,A13756G,1.0
1616636,1573378,del29734_29759;,1.0
1572225,1631884,G22599A;C2470T,2.0
1624745,1670885,G22992A;C22995A,2.0
1606585,1624998,bm:G22813T;bm:C21595T,2.0
1606382,1625001,G22813T,1.0
1499411,1625138,C2470T,1.0
1499405,1625139,C2470T,1.0
1625138,1625185,C21595T,1.0
1606632,1625186,C21595T,1.0
1475648,1625242,C7926T,1.0
1564349,1625278,A8302G,1.0
1506940,1625279,G14268A,1.0
1564349,1625280,del101_102,1.0
1625324,1625325,T11296G;bm:C25416T,2.0
1625325,1625326,C28311T;A28271T;T16342C;bm:A28461G;bm:G29742T,5.0
1625326,1639374,C25416T;bm:T16342C,2.0
1631884,1624745,C21595T;,1.0
1506877,1632299,G16744A,1.0
1606583,1632330,G22898A,1.0
1491451,1676979,A28271T;C7926T,2.0
1581317,1632487,T6988C,1.0
1632487,1632510,C26607T,1.0
1632393,1664371,bm:C7926T,1.0
1632330,1639230,G22813T,1.0
1564349,1639310,G2441A,1.0
1593928,1644136,C9857T,1.0
1475648,1644185,del686_694,1.0
1512207,1644287,T22200G;del21633_21641;bm:G21987A,3.0
1581351,1716767,T16342C,1.0
1632299,1648231,C25000T,1.0
1475648,1648377,G29755C;G13570A,2.0
1594003,1648434,bm:del29734_29759;bm:C26577G,2.0
1648434,1648435,C26577G,1.0
1648435,1648436,C25624T,1.0
1654671,1572225,G22813T;,1.0
1573183,1656230,C21595T;bm:C23854A,2.0
1544354,1670825,bm:G5924A,1.0
1616494,1656574,G22898A,1.0
1475648,1656717,C12781T,1.0
1648434,1657063,bm:C25000T;bm:T22882G,2.0
1573378,1657071,bm:T22882G,1.0
1648436,1657073,bm:C25000T;bm:C26577G,2.0
1657071,1657074,C9866T,1.0
1624998,1664100,bm:C15240T,1.0
1422765,1664224,bm:A2832G,1.0
1664371,1639228,C21595T;,1.0
1664524,1506940,C25708T;,1.0
1475648,1664716,T27384C,1.0
1648377,1665076,C14117T,1.0
1648434,1665211,bm:G21987A,1.0
1648436,1665217,bm:C10198T,1.0
1656230,1670827,bm:G26709A,1.0
1625001,1670851,C22686T;bm:A23055G;bm:G28882A;bm:G28883C,4.0
1670885,1624997,A23013C;,1.0
1648434,1671934,bm:C25000T,1.0
1664100,1676718,bm:C23854A,1.0
1676878,1294915,C25708T;,1.0
1676979,1632393,C28311T;,1.0
1648436,1677884,bm:C26577G,1.0
1564374,1677885,C25416T,1.0
1677885,1677888,C241T,1.0
1677888,1683566,bm:C25416T,1.0
1433645,1685334,C13274T,1.0
1564325,1697339,A22259G;C5833T,2.0
1671934,1690724,del29734_29759;bm:G21987A,2.0
1683566,1690737,C25810T;C8991T,2.0
1475648,1697012,C26078T,1.0
1657063,1698041,bm:G21987A,1.0
1657074,1698147,bm:C26577G,1.0
1665217,1698151,bm:G21987A,1.0
1594003,1698157,bm:G22813T;bm:T22882G,2.0
1594003,1698175,C25624T,1.0
1564349,1702905,del508_522,1.0
1581318,1702977,A3936T,1.0
1671934,1703874,bm:G21987A,1.0
1698175,1703954,A1585C,1.0
1707544,1616578,G19999T;,1.0
1594003,1709525,bm:T22882G,1.0
1712158,1170869,G26709A;,1.0
1644291,1714396,G23955A,1.0
1716767,1644291,C10198T;,1.0
1644291,1716769,bm:C26577G,1.0
1690737,1716773,bm:T22882G,1.0
1677888,1716778,C16887T,1.0
1698175,1718442,C28435T,1.0
1702905,1726566,bm:C21595T,1.0
1656574,1727112,del515_520,1.0
1698151,1729227,C28435T;bm:C4321T,2.0
1564373,1729251,C25810T;C8991T,2.0
1698175,1729257,bm:C26577G,1.0
1690724,1735330,C25000T,1.0
1735330,1735375,G21987A,1.0
1677888,1735411,G4527A,1.0
1573378,1741051,C10507T,1.0
1714396,1741080,bm:C26577G,1.0
1729227,1746933,A2832G;del6513_6515;T902C;G21987A;G1244A;G8393A;T5386G;bm:C9534T;bm:G10447A;bm:C26577G;bm:C9344T;bm:G4184A;bm:A9424G;bm:T670G;bm:C2790T;bm:C9866T,16.0
1716769,1746992,bm:T16342C,1.0
1683566,1747024,C6196T,1.0
1555104,1763490,T22200G;del21633_21641;bm:del29734_29759,3.0
1746933,1791951,C904A,1.0
1683566,1755789,C4893T,1.0
1594003,1755865,A23767G,1.0
1698175,1755907,A24433G,1.0
1727112,1760779,T22882G,1.0
1683566,1763489,A28363T;bm:del28362_28370;bm:A27383T;bm:T27384C,4.0
1763490,1564373,C23854A;,1.0
1644291,1763616,del510_518,1.0
1690737,1770237,bm:G22578A,1.0
1573378,1776423,del21765_21770;C27889T;G12160A;C1931A;C11074T;T22917G;G26529A;bm:C26858T;bm:T27384C;bm:G27382C;bm:A23040G;bm:A27259C;bm:A27383T,13.0
1770237,1782188,C3695T;bm:G22775A;bm:C22674T;bm:T22679C;bm:A22688G;bm:C22686T,6.0
1683566,1782355,del686_694,1.0
1677888,1782375,C23673T,1.0
1644287,1791760,C22792T,1.0
1791951,1755711,C26577G;,1.0
1683566,1792108,C222T;C12789T,2.0
1657074,1795513,bm:G22813T,1.0
1683566,1803976,bm:G28883C;bm:G28882A;bm:A27383T,3.0
1803976,1818500,C22792T;bm:T27384C,2.0
1804026,1804170,C25624T;bm:A23767G,2.0
1683566,1804351,del518_520,1.0
1690737,1804475,C23591G,1.0
1573378,1804527,del21765_21770;C13255T;C28724T;G27788T;G12160A;T22917G;del686_694;bm:A23040G,8.0
1709525,1812396,C25624T,1.0
1818500,1804026,A23767G;,1.0
1763489,1819062,T27384C,1.0
1690737,1819411,C19317T;C10277T,2.0
1644291,1832885,del508_522,1.0
1716773,1837429,A23779T;bm:A22786C;bm:G22813T;bm:C241T,4.0
1683566,1841836,del515_520,1.0
1755907,1842050,C20178T;C15342T,2.0
1819062,1850196,A27383T,1.0
1683566,1850326,G2012A,1.0
1616636,1861550,A26530G;bm:A29510C;bm:T27384C;bm:A27383T;bm:C26060T;bm:G27382C;bm:C26858T,7.0
1594003,1859397,del508_522,1.0
1670851,1860013,T22679C,1.0
1755711,2358731,G5924A;C3241T;C14599T;bm:T902C;bm:C25624T;bm:C28435T;bm:C904A;bm:G1244A;bm:C22792T,9.0
1683566,1867668,C2338T;bm:T670G,2.0
1850196,1875631,C25416T,1.0
1842050,1875914,T4111C;T19893C;del510_518;bm:C241T,4.0
1875914,1875916,C241T,1.0
1818500,1880933,bm:C22792T,1.0
1832885,1883104,bm:T16342C,1.0
1782375,1883397,C11674T,1.0
1875631,1888587,bm:A28363T,1.0
1683566,1892924,bm:T670G,1.0
1883397,1893488,C21721T;T15009C;T22917A;C8140T,4.0
1860013,1903110,T22673C,1.0
1698157,1901695,bm:C23854A,1.0
1903110,1903205,C22674T,1.0
1782188,1903363,bm:G26709A;bm:C26577G;bm:C26858T;bm:G22813T;bm:A22786C;bm:T22882G;bm:C3695T;bm:C241T,8.0
1837429,1907963,bm:C26577G;bm:A23779T;bm:C26858T;bm:G26709A,4.0
1763616,1917457,bm:T16342C,1.0
1907963,1937487,bm:G22775A,1.0
1937487,1951523,bm:C23854A,1.0
1683566,1956710,T21048C,1.0
1683566,1964424,C23248T,1.0
1735411,2311971,G2944A;G15672T;T29476C,3.0
1951523,1966356,C25416T;bm:C8991T;bm:C25810T,3.0
1956710,2104532,C25418A,1.0
1964424,1989594,A22812C,1.0
1903363,1990376,G3004T;C11674T;C21721T;C11308T;T15009C;C25416T;bm:C25810T;bm:C8991T;bm:C4321T;bm:G22992A;bm:G21987A;bm:A9424G;bm:C9344T;bm:C23854A,14.0
1990376,1990985,C10369T;C4321T;G22992A;G21987A;A9424G;C9344T;bm:C11308T;bm:G3004T,8.0
1903363,1999747,bm:C23854A,1.0
1999747,1999759,G22578A,1.0
1875916,2014023,bm:del510_518,1.0
1893488,2020209,bm:C8140T;bm:A22786C,2.0
1683566,2030563,G22577A,1.0
1999759,2045778,bm:G21987A;bm:A9424G;bm:C19955T;bm:C9344T;bm:C9534T,5.0
1888587,2051446,bm:C25416T,1.0
2020209,2074680,A22786C,1.0
1989594,2078919,C27641T,1.0
2045778,2111102,C19955T;C9534T;bm:G22578A,3.0
1861550,2093997,C26060T;C9866T,2.0
1581349,2104130,C25416T;T15009C;C21721T;C11674T,4.0
2104532,1984336,G25483A;,1.0
1804527,2115296,T23018G;bm:C13255T,2.0
1776423,2117330,T23018G;G27235A;A28330G;bm:C1931A;bm:C26577G;bm:C11074T,6.0
2117330,2474793,C26577G;C29666T;bm:A28330G;bm:G27235A,4.0
2030563,2117848,T7813C,1.0
2117330,2118245,C1627T;C4784T;G28371T;A28370T;C5284T;del28361_28369;bm:del28362_28370;bm:G27235A,8.0
2117330,2118246,C1627T;C26577G;C27513T;C27012T;C23707T;G12310A;bm:T22882G;bm:G27235A,8.0
2118245,2118462,C26577G,1.0
2074680,2241182,C27945T;T11522G;C11575T;C16092T;C25521T,5.0
2118246,2121094,T22882G;bm:C23707T;bm:C26577G,3.0
2074680,2121796,C8991T,1.0
2104130,2125498,C23673T;bm:C241T,2.0
2074680,2132694,T7098C,1.0
2115296,2137966,A23535G;bm:C26577G;bm:A22786C,3.0
1883397,2192298,T22917A;A6107G,2.0
1746992,2140565,bm:G28882A;bm:T27384C;bm:A27383T,3.0
1989594,2147459,C2245T,1.0
2137966,2152594,C26577G,1.0
2152594,2164808,A22786C,1.0
2140565,2166024,bm:G28883C,1.0
2137966,2169879,T21570G;bm:A23535G,2.0
2169879,2170039,C26577G,1.0
2166024,2171751,C22792T,1.0
1883397,2176815,T22917A;C16726T;C27654T;C6310T,4.0
2111102,2193290,G21987A;bm:C8991T;bm:C9866T;bm:C25810T,4.0
2117537,2195339,C1627T;bm:C29666T;bm:A22786C;bm:T27438C,4.0
2074680,2200634,T22054G,1.0
2074680,2200869,A28877T;G28878C,2.0
2176815,2245141,bm:C6310T,1.0
2118690,2206411,G27798T;bm:del518_520,2.0
2195339,2278796,A28330G;G12310A,2.0
2195339,2218316,A28330G;A27038G;C22879T,3.0
2117537,2451984,bm:T27438C;bm:C29666T,2.0
2074680,2240810,C28720T,1.0
2241182,2118690,del518_520;,1.0
2237147,2242314,C18395T;G29032A;bm:C21789T,3.0
2147459,2244490,C16887T;C25665T,2.0
2240810,2245829,C23929T,1.0
2237147,2247183,C1931A;G28681T;bm:C21789T,3.0
2193290,2260182,C23854A;C26577G;C9866T;bm:G22992A;bm:G21987A,5.0
1966356,2362936,T15009C;C21721T;C11674T,3.0
2242314,2265478,G17278T;C20594T;bm:C18395T;bm:A22786C,4.0
2218316,2275809,A22786C;bm:C22879T,2.0
2241182,2271548,del28254_28254,1.0
2260182,2271558,T22378C;C8739T;bm:C23854A;bm:A27259C;bm:G4184A;bm:T27384C;bm:C22995A;bm:C4321T;bm:G27382C;bm:A23013C;bm:A27383T,11.0
2115296,2280672,T21570G,1.0
2275809,2345818,T6979G,1.0
2345818,2346327,A396T,1.0
2117537,2351035,C29614T,1.0
2358731,1866793,del29734_29759;,1.0
2275809,2359517,bm:del29734_29759,1.0
2164808,2362516,G26690T,1.0
2247183,2363811,C13342T;C2910T;bm:C26577G,3.0
2247183,2303578,G16935A,1.0
2363811,2327541,C26577G,1.0
2115296,2475772,A895G,1.0
2345818,2368599,C26625T;C27371T;C25714T,3.0
2247183,2285521,A17207G;C17304T;C28724T,3.0
2265478,2292816,A6551C,1.0
2121094,2669356,C26577G,1.0
1990985,2372693,G22578A;C23854A;G21159T;bm:C10369T;bm:A9424G,5.0
2372693,2420749,A9424G;bm:C23854A,2.0
2375380,2282792,bm:C241T;bm:G22578A;bm:C9344T,3.0
2117537,2283536,bm:A22786C,1.0
2278796,2284041,A22786C,1.0
2280672,2288247,C12439T;C10369T;C20436T,3.0
2271558,2288405,G4184A;C4321T;bm:T22378C;bm:C26577G;bm:A23055G;bm:A23040G;bm:C8739T,7.0
2292816,2370555,A22786C;,1.0
2284041,2293233,C16616A,1.0
2284041,2296063,T18429C,1.0
2345818,2297749,G25455T;G21520T;G11837T;T4690C;C22879T,5.0
2237147,2298423,C5512T,1.0
2297749,2405740,bm:G11837T;bm:G25455T,2.0
2117537,2303571,C1170T,1.0
2117537,2750881,A11781G,1.0
2117537,2305583,C17285T,1.0
2282792,2308665,bm:A9424G,1.0
2117537,2309824,C10507T,1.0
2115296,2320554,C10319T;bm:del686_694;bm:G27788T,3.0
2311971,1965136,C28399T;,1.0
2117537,2313729,bm:G28882A;bm:G28883C,2.0
2195339,2316854,A22786C;G8653T;bm:G26529A,3.0
2237147,2316916,C4540T,1.0
1690737,2317406,C8208T,1.0
2370555,2320351,C25047T,1.0
2345818,2719492,A28402G;C9967T,2.0
2237147,2324586,C492T,1.0
2118462,2324940,bm:C5284T;bm:C4784T,2.0
2117537,2326909,bm:del29734_29759,1.0
2117537,2327350,C16428T,1.0
2324940,2327676,A27038G;bm:del29734_29759,2.0
2345818,2328052,A3859G,1.0
2351035,2331313,bm:G26529A,1.0
2309824,2331729,C1514T,1.0
2327676,2331732,del29734_29759;bm:G26529A,2.0
2275809,2334734,del28361_28369;bm:del28362_28370,2.0
2164808,2333901,C8140T;G22599C,2.0
2275809,2335015,C29358A,1.0
2331732,2335372,G26529A,1.0
2195339,2337711,C18804T;T1570C;C11674T;bm:C1627T,4.0
2321473,2339676,C10228T;C19524T,2.0
2117537,2342729,G22427A,1.0
2117537,2376359,A1078T,1.0
2237147,2651704,T4906C;T18957C;C21077T;bm:C21789T,4.0
2351035,2376518,C27294T,1.0
2327541,2376746,A10399G,1.0
2298423,2376988,C6720T;C1150T;C24210T;A20604G,4.0
2368599,2446285,bm:C25714T,1.0
2117537,2378621,del686_694,1.0
2117537,2378651,del28254_28254,1.0
2371485,2379541,bm:A22786C,1.0
2115296,2381231,T13078C;C5173A,2.0
2362516,2382080,T26621C;A25315G;G25644T;bm:T22882G,4.0
2237147,2382598,bm:G26529A;bm:C27889T;bm:C21789T,3.0
2316854,2382847,G26529A,1.0
2308665,2386043,bm:G21159T,1.0
2298423,2386403,G28077T,1.0
2117537,2386404,C19374T,1.0
2117537,2386406,G4622A,1.0
1639374,2391606,bm:T22882G;bm:C26577G,2.0
2351035,2392111,C25672A,1.0
2391606,2394805,C21811T;G22599C,2.0
2371485,2395260,bm:del29734_29759,1.0
2371485,2395270,bm:del28362_28370,1.0
2394805,2398552,T22882G;C22033A;A22190G;T22942G;C5192T;C5183T;T22016C;C3927T;A12444G;G22577C;A22001G;A26275G;G22331A;C3796T;C4586T;G22898A;G25157A;G15451A;bm:G21987A;bm:A23040G;bm:G22813T;bm:C21811T,22.0
2288405,2398589,C21789T;G12160A;G21987A;del21765_21770;A548G;C27889T;A23055G;A23013C;T23018G;bm:C9866T,10.0
2382598,2398692,G26529A,1.0
2334734,2398943,del28361_28371;bm:G28882A;bm:del28361_28369,3.0
2117537,2399032,G20635C;bm:T22882G,2.0
2117537,2399504,G25855T;G21232A,2.0
2376517,2400061,C14925T,1.0
2339676,2401574,bm:C241T;bm:C10228T;bm:A27038G,3.0
2288247,2402718,C7318T;bm:A22786C;bm:C26270T,3.0
2382080,2403633,T22882G,1.0
2303571,2404591,T27696C,1.0
2376517,2404906,G18984T,1.0
2405740,2300317,G26122A;,1.0
2339676,2406162,bm:C10228T;bm:del29734_29759,2.0
2406162,2406554,del29734_29759,1.0
2399032,2407770,bm:G26529A;bm:G22813T;bm:G20635C,3.0
2331313,2407840,bm:T22882G,1.0
2371485,2409176,C23707T,1.0
2371485,2409510,G625T;G2305A,2.0
2398943,2411046,G28882A,1.0
2371485,2411238,bm:T22882G;bm:G26529A,2.0
2331729,2411481,G19174A,1.0
2345818,2412487,C25916T;A3069G;C2189T;C28087A;C936T;bm:del29734_29759,6.0
2333901,2413088,C14599T,1.0
2335372,2482895,G22599C;C7528T,2.0
2407770,2418725,C23673T;bm:A29510C;bm:C22674T;bm:C23854A,4.0
2117537,2418872,G27214A,1.0
2303578,2419773,C12068T;G25537T;G3875A;G25534T;C22792T,5.0
2401574,2419775,C241T,1.0
2402718,2420261,C26270T,1.0
2420749,2375380,C241T;,1.0
2418725,2420845,C22674T;bm:C23673T,2.0
2117537,2421236,C11494T,1.0
2411046,2421487,C5284T,1.0
2117537,2421488,C16323T;A27218G,2.0
2421236,2421489,C27879T,1.0
2303578,2421628,C27297T,1.0
2284041,2651881,A15002G,1.0
2412487,2423936,del29734_29759,1.0
2407840,2425448,bm:C29614T,1.0
2320554,2425667,bm:C10319T;bm:C28724T,2.0
2337711,2426149,G22599T;G8977T;A22786C;bm:C26577G,4.0
2303578,2622474,T2954C,1.0
2303578,2426182,G376A;G18826A,2.0
2399504,2426224,C28531T,1.0
2328052,2426524,C18657T,1.0
2345818,2623053,C8616T;C28087A,2.0
2398589,2428810,C9344T;A9424G;G28077T;C5512T;C22995A;G22992A;bm:A548G;bm:A18163G,8.0
2420845,2428857,A29510C;bm:A22786C,2.0
2425448,2428979,G26529A,1.0
2426149,2429997,C17676T;A26579G;A15002G;C26577G;C11514T;C26022T;bm:G21987A;bm:C25000T;bm:G8977T;bm:T22882G,10.0
2419773,2430651,T23323C,1.0
2421628,2441876,G26840A,1.0
2117537,2434275,A16541G,1.0
2345818,2652020,C17339T,1.0
2419775,2435689,A8882G,1.0
2371485,2437534,C5284T,1.0
2382847,2439047,del28254_28254;C15324T;C19011T;bm:G8653T,4.0
2296063,2439131,T27053C,1.0
2335372,2439261,C5284T,1.0
2371485,2439467,C25896T,1.0
2428857,2440903,A22786C,1.0
2426181,2441477,bm:C241T,1.0
2371485,2441502,bm:G28882A;bm:G28883C,2.0
2371485,2441906,bm:T22882G,1.0
2328052,2442332,G26172A,1.0
2439261,2442800,G3838A,1.0
2413088,2444727,G7042T,1.0
2275809,2445509,bm:C22674T,1.0
2334734,2445757,C5284T,1.0
2386406,2445768,T5653C,1.0
2275809,2445777,C16726T,1.0
2446285,2377256,T2112C;,1.0
2420261,2448162,A22786C,1.0
2275809,2449250,C5284T,1.0
2395260,2449302,bm:G26529A,1.0
2451984,2237147,C21789T;,1.0
2439047,2452401,G25459T,1.0
2377256,2455565,T3882C,1.0
2359517,2457183,C16726T,1.0
2328052,2457506,T23269C,1.0
2371485,2459296,bm:C26270T,1.0
2435689,2460310,A27038G,1.0
2327350,2461765,C25350A;T28510C,2.0
2328052,2462109,C15396T,1.0
2425667,2464713,C27945T,1.0
2371485,2465551,C29358T,1.0
2371485,2469525,A13136G,1.0
2376517,2497471,A22893C;C8605T,2.0
2429997,2473057,A23356T,1.0
2415456,2473432,G14181C;C27532T;bm:C24378T,3.0
2371485,2553624,C8626T;C2710T,2.0
2398552,2516693,C26577G;G21987A;G22813T;bm:G22599C;bm:C5192T;bm:G25157A,6.0
2474793,2117537,T27438C;,1.0
2475772,2365620,C913T;,1.0
2473057,2476284,C25000T;G21987A,2.0
2445509,2479883,A28271C;C140T;C26151T;C23757T;bm:A28271T,5.0
2439261,2482894,G14593A,1.0
2482895,2415456,C24378T;,1.0
2371485,2483257,C5497T;T16023C,2.0
2428810,2485501,G29227A;A18163G;bm:G28077T;bm:C9344T;bm:C5512T,5.0
2371485,2487363,G18079T,1.0
2485501,2490053,C1931A;G28681T;G16935A;G25352T;C26111T;bm:A9424G;bm:C21789T;bm:C25584T;bm:G29227A,9.0
2490053,2490067,C27297T;C9344T;C1263T;C25584T;C28961T;G26840A;A9424G;bm:G25352T;bm:C26111T,9.0
2376746,2492971,G219A;C8650T;C5869T;C1376T;C16376T;C25546T,6.0
2476284,2494759,bm:G26529A,1.0
2474645,2496212,del21633_21641;del28362_28370;del11288_11296;del29734_29759;bm:C12540T;bm:T11296G;bm:A28363T;bm:C28367T,8.0
2494759,2498085,T22882G,1.0
2492971,2500513,bm:C16376T;bm:C8650T,2.0
2479883,2499731,C22674T;bm:C23757T,2.0
2497471,2502230,T7666C,1.0
2327541,2508575,C27800T;C10188A;bm:C2910T,3.0
2500513,2502852,C16376T,1.0
2460310,2503035,C16954T,1.0
2482895,2509494,C27942T,1.0
2426181,2515017,G11083T,1.0
2516693,2474645,C12540T;A28363T;C28367T;,3.0
2496212,2523407,G18583A,1.0
2371485,2525302,del21991_21993,1.0
2499731,2528604,G22599C,1.0
2441477,2530217,T14257C;A17039G;C28312T;A22893C;T22942A;G22599C,6.0
2503035,2533948,C21114T,1.0
2509494,2535630,bm:A28370T;bm:G28371T,2.0
2490067,2537643,G22578A;C241T;bm:G26840A;bm:C1263T;bm:C28961T,5.0
2509494,2539694,C9365T,1.0
2537643,2540710,C11750T;T2954C;bm:G22578A;bm:C241T;bm:C27297T;bm:A9424G,6.0
2539694,2542402,T7054C,1.0
2457183,2546042,A22910G,1.0
2371485,2548030,C29284T,1.0
2409176,2548758,C21575T,1.0
2498085,2554578,G26529A,1.0
2487363,2561518,G23587A;G22599C,2.0
2622474,2426181,C11750T;,1.0
2623053,2426855,C21114T;,1.0
2548758,2623936,A730G,1.0
2546042,2628349,T21883C,1.0
2535630,2628365,bm:C27942T,1.0
2482895,2630233,C5700T,1.0
2542402,2642248,T13096C;T21483C,2.0
2628349,2648194,del29734_29759,1.0
2515017,2649352,A22893C;C28312T,2.0
2651704,2376517,C17402T;,1.0
2651881,2421890,C10369T;,1.0
2652020,2434834,C28310T;,1.0
2459296,2659165,G22599C,1.0
2642248,2663097,bm:T7054C,1.0
2623936,2663891,A19214G;A19212G;C19217A;T19209G;A19210G,5.0
2523407,2668588,T23019C;C2838T;T23031C;G22599C;G261A,5.0
2669356,2371485,C16616A;,1.0
2659165,2681656,C20115T,1.0
2496212,2570655,C106T;G8602A;G19962T;T22917G;C9532T,5.0
2496212,2580072,G22599C,1.0
2570655,2583763,bm:C106T;bm:G21987A,2.0
2663891,2587237,C25688T;bm:C21575T;bm:A730G;bm:C23707T,4.0
2630233,2589212,G22332A,1.0
2371485,2594986,G22599C,1.0
2583763,2598284,G21987A,1.0
2580072,2609277,T23031C;C20235T;A22629C,3.0
2668588,2615196,bm:C2838T,1.0
2580072,2612647,T23019C;G25157A;C5192T;bm:C4321T;bm:A20055G,5.0
2587237,2718239,bm:C25688T,1.0
2649352,2616554,T14257C;bm:G11083T,2.0
2612647,2617760,C4321T;A20055G,2.0
2663097,2698016,T21180C;C17746T,2.0
2616554,2707528,T22942A,1.0
2719492,2321473,C27532T;G24620T;,2.0
2615196,2737507,C3130T;C15183T;C29580T;bm:T23031C;bm:G261A,5.0
1741080,2725274,G22898A;C26577G;A26275G;T15939C;C25416T;G22577C;T17859C;T23031C;T23019C;C22109G;G22895C;G22317T;C22000A;T21810C;A19326G;C22664A;G15451A;A405G;G22599C;T22896C;C13829T;del21991_21993;T22942G;T22200A;C15738T;bm:A23040G;bm:G23955A;bm:T22200G,28.0
2707528,2733393,T29492C;G6734A;A1777G;G25595T;C20429T,5.0
2530217,2733427,T24142C;C241T;C18162T;C7851T,4.0
2317406,2733611,G22332A;T22942G;C10189T;C22295A;C6786T;C18252T;C22916A;C1471T;A23013G;A22910G;A22893G;T22020C;T5406C;C28550A;G23012A;A6770G;T22054G;C2445T;C17678T;A12030G;bm:A23040G;bm:A23013C,22.0
2609277,3002959,C26078T;G11146T,2.0
2750881,2303930,C28462T;,1.0
2707528,2753556,A17039G,1.0
2589212,2753797,G12170A,1.0
2580072,2755202,T23019C,1.0
2725274,2763985,G510A;bm:G22813T;bm:C22686T;bm:C13829T;bm:T22679C;bm:G22317T;bm:A22688G,7.0
2753556,2758133,C8251T;C7735T;del21991_21993;C1779T;bm:G22775A;bm:C4321T,6.0
2755202,2763987,G18583A;C3857A;bm:G22813T,3.0
2763987,2767087,G22813T,1.0
1639374,2771517,del11288_11296;G22599C;T22942G;del21633_21641;T22016C;A26275G;C22033A;C3130T;del29734_29759;G22577C;C29580T;T23019C;del28362_28370;A22190G;G22331A;G22898A;bm:A23040G;bm:T11296G,18.0
2707528,2774580,C29541T,1.0
2707528,2774963,G23417C;C5822T,2.0
2753556,2774966,G22599C,1.0
2681656,2777076,C26645T,1.0
2725274,2781225,C26461A;G510A;C2434T;bm:G22317T;bm:C13829T,5.0
2561518,2782659,C13721T,1.0
2774963,2783197,C10142A,1.0
2774966,2785201,bm:del29734_29759,1.0
2774966,2785988,G11828A;C17676T;C20405T,3.0
2781225,2786209,A19459G;bm:A9424G;bm:C2434T;bm:C26461A,4.0
2786209,2786215,C17502T;G8861A;T5851C;A9424G;C28419T;G11516T;bm:A19459G,7.0
2763985,2797034,G1358A,1.0
2707528,2789647,A23558G,1.0
2707528,2822447,G2144A;T961C;C7318T,3.0
2758133,2790417,G22775A;C4321T,2.0
2774966,2792962,A14424C;T27910C,2.0
2788380,2793341,T14574C;bm:G1358A,2.0
2793341,2793347,C22686T;A22688G;bm:T14574C,3.0
2797034,2788380,T22679C;,1.0
2725274,2855585,bm:C13829T,1.0
2707528,2798391,C28849T,1.0
2797059,2817787,bm:T15939C,1.0
2777076,2800341,C1929T,1.0
2707528,2800644,C27600T,1.0
2609277,2805899,T11515C;A26459G,2.0
2774966,2811245,C14097T,1.0
2793347,2812355,G22813T,1.0
2774966,2814591,A15111G,1.0
2800644,2817155,C3040T;A1320C,2.0
2817787,2799438,T13704C;,1.0
2774966,2819716,C6541T,1.0
2774966,2819719,T29173C,1.0
2783197,2819916,C4069T,1.0
2799438,2820455,T15939C,1.0
2753556,2822036,del21991_21993,1.0
2740422,2822981,C7390A,1.0
2782659,2824075,T4930C,1.0
2767087,2826396,A20741G;T29206C;A22893C,3.0
2774966,2836649,del21991_21993,1.0
2817155,2836806,A21999T,1.0
2797059,2837311,bm:G22317T,1.0
2826396,2876854,T22917G;bm:T29206C,2.0
2800341,2840282,C19602T;C3775T,2.0
2737507,2847945,C16362T;bm:C3796T;bm:C3927T,3.0
2812355,2847983,A22320G;G25855T;A22629C;bm:C22664A;bm:G510A,5.0
2847983,2847994,C1191T;C22664A;bm:A22629C,3.0
2797059,2849956,bm:C26577G,1.0
2847994,2849957,bm:C1191T;bm:C3037T,2.0
2855585,2797059,G27915T;,1.0
2839351,2855599,C21811T;bm:T27576C,2.0
2849957,2855600,C3037T,1.0
2836649,2856647,G26428T,1.0
2774966,2858232,bm:G21987A,1.0
2822036,2858987,A2653G,1.0
2856647,3098493,C23086T,1.0
2822447,2860083,G7936T;del21991_21993;G6713A;C1213T;G3433A,5.0
2855600,2860181,bm:G25855T,1.0
2855599,2860223,C193T,1.0
2858232,2862026,C23758A;C8956T,2.0
2733427,2862488,C450A;A22107T,2.0
2860083,2862571,G21204T;bm:G7936T,2.0
2847945,2864567,C1627T;bm:C4586T;bm:C3130T;bm:C5183T;bm:C16362T,5.0
2820455,2864612,bm:del29734_29759,1.0
2598284,2866657,C21054T;A23416T;G22599C;T23018A;bm:G8602A,5.0
2553624,2867574,C16887T;C20762T,2.0
2862571,2871136,C23683T;bm:G21204T,2.0
2866657,2871171,C28093T;bm:G22331A;bm:A23416T,3.0
2540710,2871229,C26577G;T14257C;A17039G;C28312T,4.0
2862026,2873538,G21987A,1.0
2871136,2874044,bm:C23683T;bm:G6713A,2.0
2874044,3044282,T26106C;C22033A;bm:C1213T;bm:G3433A,4.0
2871171,2874367,G22331A,1.0
2860181,2874387,C5144T,1.0
2876854,2839351,T27576C;,1.0
2862488,2880699,bm:C450A,1.0
2797059,2883160,G5720A;C12789T;T28297C,3.0
2864567,3005565,T23018C;T23031C;G625T;T3339C;C6070T;bm:C15183T;bm:C29580T,7.0
2771517,2886902,G15451A;del21991_21993;bm:T22016C;bm:C29580T;bm:C3130T;bm:A22190G;bm:C22033A,7.0
2874367,2890707,C5812T,1.0
2859833,2896128,T7783C,1.0
2864612,3116898,T23018C;bm:T13704C,2.0
2876854,2898557,A22115G;C1545T,2.0
2836649,2900441,G22021A,1.0
2874231,2901482,C25452T,1.0
2753797,3116153,A1558G,1.0
2837311,3079465,T23018C,1.0
2855599,2905595,G3791A,1.0
2473432,3098256,G1085T;G25290T,2.0
2905580,2911354,G22317T,1.0
2867574,2912035,C11824T;bm:C20762T,2.0
2898557,3013790,T24991A,1.0
2874387,2964387,T5731A,1.0
2797059,2970116,A8001G,1.0
2957313,3111907,C25721T,1.0
2871229,2978318,bm:C26577G;bm:C9344T,2.0
2912035,2981288,T17208C,1.0
2911354,2915893,T10204C,1.0
2915893,2915941,G15957T,1.0
2976842,2915985,T15591C,1.0
2849956,2920441,G26172T;bm:G21987A;bm:C25000T,3.0
2920441,2925086,bm:G26172T;bm:G22813T,2.0
2867574,2926823,T17208C,1.0
2911354,2937277,bm:G22813T,1.0
2911354,2943385,T21880C;G28079T,2.0
2981288,2978762,C28994A;,1.0
2926823,2981711,G12111A;C12789T,2.0
2883160,2994537,T23018C;C11956T,2.0
3002959,2740422,C593T;,1.0
3005565,2885530,C8692T;,1.0
3013790,2957313,A19886G;,1.0
2911354,3014250,C19488T;C14085T;C6896T;C20629T;G4255A,5.0
2860181,3016932,C23123T;bm:T16342C,2.0
3016932,3040939,T23018C;G29706T;C4234T,3.0
2886902,3038774,bm:del21991_21993;bm:T22200G,2.0
3044282,2874231,T19266C;,1.0
2911354,3048475,C22995G;bm:C22995A,2.0
2911354,3051234,A28271C;bm:A28271T,2.0
2925086,3053804,T23018C;C5817T;T17124C,3.0
2883160,3056693,T23018C,1.0
2911354,3060032,bm:T17124C,1.0
2970116,3063726,T23018C,1.0
3040939,3066775,T7633C;G6536A;C27431T,3.0
3056693,3082478,A16878T;A27507C,2.0
3053804,3079441,T10204C;bm:C5817T,2.0
3072621,3075001,G23401T,1.0
3079465,2905580,T17124C;,1.0
2915893,3079671,T6886C,1.0
3082478,3072621,C28928T;,1.0
3060032,3086199,A22161G;T28297C,2.0
3066775,3092567,bm:T7633C,1.0
3038774,3090619,bm:G22331A,1.0
2994537,3092882,G16741T,1.0
3098256,2908345,C29632T;,1.0
3098493,2859833,C6040T;,1.0
2994537,3099505,G3242A;C23664T;C12970T,3.0
2994537,3105939,A28447G;A22101T;C22995G;G18703T;C11750T;T12730A;C29386T;A14856G;bm:C12789T;bm:C22995A;bm:G5720A,11.0
2994537,3105726,T4579A,1.0
3111907,2976842,T4402A;,1.0
3105939,3114607,C23202T,1.0
3116153,2902709,G28077A;,1.0
3116898,2897476,T17124C;,1.0
3063726,3170815,bm:G22599C;bm:G22813T,2.0
3118472,3118822,A3662G;T26012G;T4579A;A28117G;T22928C;bm:C28724T,6.0
3092567,3118979,C6740T;G22113T,2.0
2976842,3128103,C24134A;T25959C;T4036A;C2227T;C10908T,5.0
3079441,3133351,A11351G,1.0
3118822,3135860,G22813T;C28093T;G22599C,3.0
3014250,3170918,bm:G22599C;bm:C25000T;bm:G22813T,3.0
3086199,3144482,C23191T,1.0
3105939,3146695,C3042A;G25429C,2.0
3128103,3147940,C15026T,1.0
3092567,3149444,C19884T;A22108T,2.0
3118979,3149627,C9195T;G24193A;C26228A;bm:C23123T,4.0
3149627,3151963,C23123T,1.0
3090619,3168921,T23018C;del21991_21993,2.0
3170815,3118472,C28724T;,1.0
3151963,3172765,T20697C,1.0
3170918,3174948,bm:C20629T,1.0
3174948,3181188,C25046T;T28282C;G22927T;C29762T;A19182G;T22928C;bm:G4255A,7.0
3147940,3181353,G25606A,1.0
3135860,3154859,bm:A28117G,1.0
3114607,3218048,A460G,1.0
3082478,3159562,C2334T;G21718T;C29625T;C22480T;T22930A;C9693T,6.0
3144482,3160349,G25855T;T22191C;G2513A;C5544T,4.0
3092567,3245861,C22995G;bm:C22995A,2.0
3105939,3163416,G3567A;G1820A,2.0
2937277,3163987,T8737C;G22927T;C22624T;C7564T;C27059T;C14697T;T22928C;C1973T;C28005T,9.0
3086199,3164336,C23613T;A28699G;C5886T;T16456C,4.0
3160349,3167169,G4109T;bm:G25855T,2.0
3167169,3185618,C245A,1.0
3159562,3185867,A18492G,1.0
3163987,3185898,T19668C;C13335T;C9451T;A25045G;C29085T;G12467T;bm:G22599C;bm:C14697T,8.0
3185898,3198706,C25658T;C23673T;C28657T;bm:C29085T;bm:T19668C;bm:C9451T;bm:C13335T,7.0
3185899,3186914,G22599C;G22813T;bm:C20132T,3.0
3164336,3188123,T22152C,1.0
3189398,3185899,C20132T;C25658T;C23673T;C28657T;,4.0
3185867,3204622,C22570T;C1889T,2.0
3105939,3195066,C23123T,1.0
3188123,3197433,bm:C23613T;bm:A28699G,2.0
3198706,3185899,C20132T;,1.0
3185867,3198752,C6541T;C25572T,2.0
3149444,3199705,A12878G;G28209C;C1549T,3.0
3105939,3202152,C8947T,1.0
3202152,3202276,T23986C;T22930A,2.0
3198752,3206450,G13627A,1.0
3199705,3207334,C7819G;G16795A,2.0
3099505,3207347,T22928C;T2128C;A21137G,3.0
3202276,3207653,A10861G;A12397G,2.0
3163416,3209293,C17949T;C25006T;C25658T,3.0
3189398,3212363,G22813T;bm:C25000T,2.0
3212363,3213435,G22599C;G23093A;C25000T,3.0
3181188,3213835,C1911T;A14634G;C14189T;bm:C29762T;bm:C25046T;bm:A19182G,6.0
3207347,3218050,G20060T;C22995G;bm:C22995A,3.0
3209293,3214885,G17149T;A22474C;G28376A;bm:C25658T,4.0
3185867,3215270,A21137G,1.0
3161037,3216115,C26833T;C21859T;G806A;C21998A;bm:C13608T,5.0
3215270,3216616,C26111T;bm:T27384C,2.0
3216616,3216651,T27384C,1.0
3181353,3217446,T22928C;G22927T,2.0
3218048,3155303,T3802C;,1.0
3105939,3220376,C23123A;T25496A,2.0
3213835,3220840,G13379A;bm:C1911T,2.0
3216115,3236297,G14268A;C25701T;bm:C21859T;bm:C21998A,4.0
3214885,3222361,C3737T;bm:G17149T;bm:G28376A,3.0
3185867,3222959,C29762T,1.0
3220840,3223320,C28087T,1.0
3213435,3226460,T11187C,1.0
3226460,3228375,C2135A;T2824C;C23741T;C15755G;bm:del29734_29759,5.0
3186914,3228394,C23280T;C26735T;G27798T,3.0
3228375,3240793,del29734_29759,1.0
3195066,3229852,T10756C;C27513T;A22003T;T14067C,4.0
3228394,3231107,bm:G27798T;bm:C27807T,2.0
3220376,3231503,C988T,1.0
3218050,3232347,C21036T,1.0
3223320,3233082,G22813T;C25000T;G22599C;bm:G13379A,4.0
3185867,3234485,C22033A;C5835T;bm:C12789T,3.0
3216651,3235797,C21622A,1.0
3236297,3220950,G25906T;,1.0
3234485,3236629,C12789T,1.0
3231107,3237284,C27807T,1.0
3206450,3239297,G22927T,1.0
3231503,3249191,A3063C,1.0
3233082,3256955,C22986T,1.0
3236629,3275266,T22917G,1.0
3237284,3250800,C10138T;G28109T;A23014G,3.0
3220950,3252455,G28371C,1.0
3252455,3252620,C218T;A22115G;C854T;C26625T,4.0
3236629,3254584,A23911G,1.0
3252620,3335828,bm:C26625T;bm:C854T,2.0
3244764,3255415,G18105T;bm:G28423T,2.0
3250729,3245081,C12513T,1.0
3245861,3161037,C13608T;,1.0
3168921,3246837,A22910G;C10834T;C26681T;C23604G;C12789T;T22032C;T22942A;T13339C;del22194_22196;G22770A;C21622T;G23222A;C22033A;A22034G;T22200G;C22295A;C14898T;G22895C;del21765_21770;A22629C;C26833T;C22208T;C6449T;C24378T;T22917G;C25207T;G3431T;C8293T;A18492G;C23423T;T23005A;bm:C23604A;bm:T22942G;bm:A26275G;bm:C26577G;bm:G15451A;bm:G22599C;bm:C25416T;bm:A23013C;bm:C9866T,40.0
3204622,3350575,G22927T;C23673T,2.0
3246837,3247324,C12815T;C26577G;G23012A;bm:C14898T;bm:C6449T;bm:C10834T,6.0
3207347,3248401,C12651T;C23604G;T23245C;C2433T;T23030C;T23005A;bm:C23604A;bm:G5720A,8.0
3254584,3255675,T7013C,1.0
3256955,3249623,C19185T;,1.0
3248401,3278553,C26586T,1.0
3222959,3258757,G22927T;C12100G;C27603T,3.0
3258757,3260216,bm:C27603T,1.0
3239297,3292508,C21602A;C853T,2.0
3247324,3266047,G21941T;G21624C;G26529C;A6183G;C897A;G11042T;A7842G;C29635T;del23009_23010;C21711T;A22556G;C28958A;T15756A;C23271T;C22916T;del23008_23010;T22896A;C22353A;G8393A;C24990T;bm:G22770A;bm:C22674T,22.0
3266047,3266054,G1729A;G22770A;A26610G;C22674T;bm:C29635T,5.0
3266054,3270716,C8616T;bm:G1729A,2.0
3270716,3274622,bm:C8616T,1.0
3275266,3250729,C29784T;,1.0
3262069,3277242,C29555T;C8683T;C10039T;bm:C22591T,4.0
3277242,3278179,C28289A;bm:C8683T,2.0
3278553,3257215,G5720A;,1.0
3278179,3292688,bm:C28289A,1.0
3274622,3286756,T3565C,1.0
3286756,3287931,C18894T;G11727A;C11747T;C1762A;T22926C;T27810C;bm:del23009_23010,7.0
3287931,3287932,C9142T,1.0
3287931,3289866,del23009_23010;bm:A26610G,2.0
3292508,3262069,C22591T;,1.0
3289866,3316475,bm:C11747T;bm:C1762A,2.0
3287932,3302727,del23009_23010,1.0
3302727,3304420,bm:C9142T,1.0
3299562,3327570,C774T;T18453C,2.0
3316475,3299562,A26610G;,1.0
3327570,3315865,C28201T;,1.0
3335828,3244764,G28423T;,1.0
3350575,3247185,C7086T;,1.0
